,Medical_Attendances,Year,Number_of_Medical_Attendances,,,,,,,,,
2007,7,2007,1608,,,,,,,,,
,0,2008,2561,,,,,,,,,2710160
,9,2009,4396,,,,,,,,,2597864
,2,2010,5104,,,,,,,,,2276204
,3,2011,3703,,,,,,,,,2496429
,7,2012,3517,,,,,,,,,4578243
,9,2013,3738,,,,,,,,,5362530
,5,2014,3938,,,,,,,,,3694728
,1,2015,4047,,,,,,,,,3735719
,8,2016,4538,,,,,,,,,3807528
,2,2017,4020,,,,,,,,,3916253
,2,2018,4809,,,,,,,,,3782749
,0,2019,5404,,,,,,,,,3817628
,3,2020,14848,,,,,,,,,4254307
,0,,,,,,,,,,,4185382
,3,,,,,,,,,,,
,9,,,,,,,,,,,
,4,,,,,,,,,,,
,3,,,,,,,,,,,
,3,,,,,,,,,,,
,0,,,,,,,,,,,
,1,,,,,,,,,,,
,3,,,,,,,,,,,
,3,,,,,,,,,,,
,3,,,,,,,,,,,
,6,,,,,,,,,,,
,2,,,,,,,,,,,
,1,,,,,,,,,,,
,2,,,,,,,,,,,
,1,,,,,,,,,,,
,5,,,,,,,,,,,
,9,,,,,,,,,,,
,0,,,,,,,,,,,
,2,,,,,,,,,,,
,6,,,,,,,,,,,
,0,,,,,,,,,,,
,7,,,,,,,,,,,
,8,,,,,,,,,,,
,3,,,,,,,,,,,
,2,,,,,,,,,,,
,8,,,,,,,,,,,
,7,,,,,,,,,,,
,9,,,,,,,,,,,
,7,,,,,,,,,,,
,7,,,,,,,,,,,
,2,,,,,,,,,,,
,6,,,,,,,,,,,
,0,,,,,,,,,,,
,3,,,,,,,,,,,
,5,,,,,,,,,,,
,6,,,,,,,,,,,
,2,,,,,,,,,,,
,5,,,,,,,,,,,
,2,,,,,,,,,,,
,0,,,,,,,,,,,
,9,,,,,,,,,,,
,0,,,,,,,,,,,
,2,,,,,,,,,,,
,1,,,,,,,,,,,
,9,,,,,,,,,,,
,3,,,,,,,,,,,
,3,,,,,,,,,,,
,1,,,,,,,,,,,
,9,,,,,,,,,,,
,8,,,,,,,,,,,
,6,,,,,,,,,,,
,8,,,,,,,,,,,
,4,,,,,,,,,,,
,7,,,,,,,,,,,
,2,,,,,,,,,,,
,5,,,,,,,,,,,
,5,,,,,,,,,,,
,2,,,,,,,,,,,
,6,,,,,,,,,,,
,5,,,,,,,,,,,
,1,,,,,,,,,,,
,7,,,,,,,,,,,
,3,,,,,,,,,,,
,2,,,,,,,,,,,
,7,,,,,,,,,,,
,5,,,,,,,,,,,
,4,,,,,,,,,,,
,5,,,,,,,,,,,
,9,,,,,,,,,,,
,6,,,,,,,,,,,
,1,,,,,,,,,,,
,8,,,,,,,,,,,
,9,,,,,,,,,,,
,0,,,,,,,,,,,
,9,,,,,,,,,,,
,1,,,,,,,,,,,
,3,,,,,,,,,,,
,5,,,,,,,,,,,
,9,,,,,,,,,,,
,3,,,,,,,,,,,
,0,,,,,,,,,,,
,6,,,,,,,,,,,
,2,,,,,,,,,,,
,9,,,,,,,,,,,
,8,,,,,,,,,,,
,4,,,,,,,,,,,
,2,,,,,,,,,,,
,7,,,,,,,,,,,
,3,,,,,,,,,,,
,3,,,,,,,,,,,
,7,,,,,,,,,,,
,1,,,,,,,,,,,
,4,,,,,,,,,,,
,7,,,,,,,,,,,
,8,,,,,,,,,,,
,9,,,,,,,,,,,
,7,,,,,,,,,,,
,1,,,,,,,,,,,
,6,,,,,,,,,,,
,3,,,,,,,,,,,
,4,,,,,,,,,,,
,1,,,,,,,,,,,
,2,,,,,,,,,,,
,8,,,,,,,,,,,
,7,,,,,,,,,,,
,7,,,,,,,,,,,
,6,,,,,,,,,,,
,9,,,,,,,,,,,
,2,,,,,,,,,,,
,5,,,,,,,,,,,
,0,,,,,,,,,,,
,6,,,,,,,,,,,
,7,,,,,,,,,,,
,1,,,,,,,,,,,
,5,,,,,,,,,,,
,7,,,,,,,,,,,
,2,,,,,,,,,,,
,4,,,,,,,,,,,
,7,,,,,,,,,,,
,5,,,,,,,,,,,
,6,,,,,,,,,,,
,7,,,,,,,,,,,
,4,,,,,,,,,,,
,5,,,,,,,,,,,
,4,,,,,,,,,,,
,2,,,,,,,,,,,
,1,,,,,,,,,,,
,1,,,,,,,,,,,
,9,,,,,,,,,,,
,6,,,,,,,,,,,
,5,,,,,,,,,,,
,9,,,,,,,,,,,
,2,,,,,,,,,,,
,3,,,,,,,,,,,
,1,,,,,,,,,,,
,3,,,,,,,,,,,
,4,,,,,,,,,,,
,9,,,,,,,,,,,
,1,,,,,,,,,,,
,5,,,,,,,,,,,
,7,,,,,,,,,,,
,0,,,,,,,,,,,
,1,,,,,,,,,,,
,5,,,,,,,,,,,
,7,,,,,,,,,,,
,9,,,,,,,,,,,
,5,,,,,,,,,,,
,5,,,,,,,,,,,
,8,,,,,,,,,,,
,5,,,,,,,,,,,
,9,,,,,,,,,,,
,9,,,,,,,,,,,
,9,,,,,,,,,,,
,4,,,,,,,,,,,
,3,,,,,,,,,,,
,6,,,,,,,,,,,
,7,,,,,,,,,,,
,4,,,,,,,,,,,
,2,,,,,,,,,,,
,1,,,,,,,,,,,
,1,,,,,,,,,,,
,1,,,,,,,,,,,
,6,,,,,,,,,,,
,2,,,,,,,,,,,
,3,,,,,,,,,,,
,9,,,,,,,,,,,
,0,,,,,,,,,,,
,7,,,,,,,,,,,
,0,,,,,,,,,,,
,2,,,,,,,,,,,
,7,,,,,,,,,,,
,2,,,,,,,,,,,
,1,,,,,,,,,,,
,4,,,,,,,,,,,
,8,,,,,,,,,,,
,6,,,,,,,,,,,
,6,,,,,,,,,,,
,7,,,,,,,,,,,
,0,,,,,,,,,,,
,5,,,,,,,,,,,
,4,,,,,,,,,,,
,2,,,,,,,,,,,
,0,,,,,,,,,,,
,6,,,,,,,,,,,
,6,,,,,,,,,,,
,7,,,,,,,,,,,
,1,,,,,,,,,,,
,7,,,,,,,,,,,
,4,,,,,,,,,,,
,4,,,,,,,,,,,
,3,,,,,,,,,,,
,2,,,,,,,,,,,
,3,,,,,,,,,,,
,6,,,,,,,,,,,
,3,,,,,,,,,,,
,2,,,,,,,,,,,
,3,,,,,,,,,,,
,3,,,,,,,,,,,
,0,,,,,,,,,,,
,3,,,,,,,,,,,
,1,,,,,,,,,,,
,2,,,,,,,,,,,
,5,,,,,,,,,,,
,1,,,,,,,,,,,
,5,,,,,,,,,,,
,9,,,,,,,,,,,
,1,,,,,,,,,,,
,4,,,,,,,,,,,
,8,,,,,,,,,,,
,3,,,,,,,,,,,
,9,,,,,,,,,,,
,8,,,,,,,,,,,
,2,,,,,,,,,,,
,0,,,,,,,,,,,
,3,,,,,,,,,,,
,0,,,,,,,,,,,
,0,,,,,,,,,,,
,8,,,,,,,,,,,
,6,,,,,,,,,,,
,5,,,,,,,,,,,
,7,,,,,,,,,,,
,0,,,,,,,,,,,
,8,,,,,,,,,,,
,1,,,,,,,,,,,
,7,,,,,,,,,,,
,0,,,,,,,,,,,
,5,,,,,,,,,,,
,4,,,,,,,,,,,
,8,,,,,,,,,,,
,6,,,,,,,,,,,
,4,,,,,,,,,,,
,9,,,,,,,,,,,
,5,,,,,,,,,,,
,7,,,,,,,,,,,
,1,,,,,,,,,,,
,7,,,,,,,,,,,
,3,,,,,,,,,,,
,9,,,,,,,,,,,
,5,,,,,,,,,,,
,5,,,,,,,,,,,
,3,,,,,,,,,,,
,8,,,,,,,,,,,
,2,,,,,,,,,,,
,2,,,,,,,,,,,
,1,,,,,,,,,,,
,5,,,,,,,,,,,
,9,,,,,,,,,,,
,9,,,,,,,,,,,
,8,,,,,,,,,,,
,9,,,,,,,,,,,
,5,,,,,,,,,,,
,0,,,,,,,,,,,
,5,,,,,,,,,,,
,2,,,,,,,,,,,
,4,,,,,,,,,,,
,8,,,,,,,,,,,
,2,,,,,,,,,,,
,5,,,,,,,,,,,
,0,,,,,,,,,,,
,0,,,,,,,,,,,
,1,,,,,,,,,,,
,7,,,,,,,,,,,
,1,,,,,,,,,,,
,2,,,,,,,,,,,
,0,,,,,,,,,,,
,9,,,,,,,,,,,
,9,,,,,,,,,,,
,6,,,,,,,,,,,
,5,,,,,,,,,,,
,6,,,,,,,,,,,
,8,,,,,,,,,,,
,1,,,,,,,,,,,
,1,,,,,,,,,,,
,2,,,,,,,,,,,
,4,,,,,,,,,,,
,9,,,,,,,,,,,
,0,,,,,,,,,,,
,0,,,,,,,,,,,
,5,,,,,,,,,,,
,7,,,,,,,,,,,
,9,,,,,,,,,,,
,6,,,,,,,,,,,
,2,,,,,,,,,,,
,7,,,,,,,,,,,
,6,,,,,,,,,,,
,3,,,,,,,,,,,
,4,,,,,,,,,,,
,1,,,,,,,,,,,
,9,,,,,,,,,,,
,2,,,,,,,,,,,
,5,,,,,,,,,,,
,8,,,,,,,,,,,
,9,,,,,,,,,,,
,6,,,,,,,,,,,
,4,,,,,,,,,,,
,1,,,,,,,,,,,
,3,,,,,,,,,,,
,6,,,,,,,,,,,
,5,,,,,,,,,,,
,9,,,,,,,,,,,
,3,,,,,,,,,,,
,9,,,,,,,,,,,
,8,,,,,,,,,,,
,2,,,,,,,,,,,
,3,,,,,,,,,,,
,7,,,,,,,,,,,
,4,,,,,,,,,,,
,1,,,,,,,,,,,
,1,,,,,,,,,,,
,7,,,,,,,,,,,
,0,,,,,,,,,,,
,7,,,,,,,,,,,
,8,,,,,,,,,,,
,0,,,,,,,,,,,
,1,,,,,,,,,,,
,1,,,,,,,,,,,
,8,,,,,,,,,,,
,8,,,,,,,,,,,
,2,,,,,,,,,,,
,6,,,,,,,,,,,
,2,,,,,,,,,,,
,9,,,,,,,,,,,
,5,,,,,,,,,,,
,3,,,,,,,,,,,
,1,,,,,,,,,,,
,5,,,,,,,,,,,
,8,,,,,,,,,,,
,1,,,,,,,,,,,
,3,,,,,,,,,,,
,0,,,,,,,,,,,
,6,,,,,,,,,,,
,3,,,,,,,,,,,
,3,,,,,,,,,,,
,8,,,,,,,,,,,
,5,,,,,,,,,,,
,5,,,,,,,,,,,
,9,,,,,,,,,,,
,8,,,,,,,,,,,
,3,,,,,,,,,,,
,6,,,,,,,,,,,
,3,,,,,,,,,,,
,6,,,,,,,,,,,
,3,,,,,,,,,,,
,3,,,,,,,,,,,
,2,,,,,,,,,,,
,2,,,,,,,,,,,
,7,,,,,,,,,,,
,8,,,,,,,,,,,
,3,,,,,,,,,,,
,0,,,,,,,,,,,
2008,9,,,,,,,,,,,
,7,,,,,,,,,,,
,3,,,,,,,,,,,
,5,,,,,,,,,,,
,1,,,,,,,,,,,
,5,,,,,,,,,,,
,2,,,,,,,,,,,
,8,,,,,,,,,,,
,7,,,,,,,,,,,
,4,,,,,,,,,,,
,14,,,,,,,,,,,
,11,,,,,,,,,,,
,3,,,,,,,,,,,
,7,,,,,,,,,,,
,12,,,,,,,,,,,
,6,,,,,,,,,,,
,3,,,,,,,,,,,
,12,,,,,,,,,,,
,5,,,,,,,,,,,
,3,,,,,,,,,,,
,9,,,,,,,,,,,
,11,,,,,,,,,,,
,6,,,,,,,,,,,
,2,,,,,,,,,,,
,7,,,,,,,,,,,
,3,,,,,,,,,,,
,3,,,,,,,,,,,
,3,,,,,,,,,,,
,13,,,,,,,,,,,
,12,,,,,,,,,,,
,7,,,,,,,,,,,
,3,,,,,,,,,,,
,6,,,,,,,,,,,
,10,,,,,,,,,,,
,13,,,,,,,,,,,
,0,,,,,,,,,,,
,14,,,,,,,,,,,
,0,,,,,,,,,,,
,11,,,,,,,,,,,
,10,,,,,,,,,,,
,10,,,,,,,,,,,
,11,,,,,,,,,,,
,0,,,,,,,,,,,
,1,,,,,,,,,,,
,5,,,,,,,,,,,
,4,,,,,,,,,,,
,9,,,,,,,,,,,
,13,,,,,,,,,,,
,3,,,,,,,,,,,
,0,,,,,,,,,,,
,1,,,,,,,,,,,
,11,,,,,,,,,,,
,7,,,,,,,,,,,
,5,,,,,,,,,,,
,11,,,,,,,,,,,
,1,,,,,,,,,,,
,11,,,,,,,,,,,
,4,,,,,,,,,,,
,9,,,,,,,,,,,
,3,,,,,,,,,,,
,9,,,,,,,,,,,
,2,,,,,,,,,,,
,8,,,,,,,,,,,
,14,,,,,,,,,,,
,9,,,,,,,,,,,
,11,,,,,,,,,,,
,14,,,,,,,,,,,
,5,,,,,,,,,,,
,2,,,,,,,,,,,
,10,,,,,,,,,,,
,0,,,,,,,,,,,
,6,,,,,,,,,,,
,12,,,,,,,,,,,
,9,,,,,,,,,,,
,14,,,,,,,,,,,
,4,,,,,,,,,,,
,3,,,,,,,,,,,
,4,,,,,,,,,,,
,12,,,,,,,,,,,
,2,,,,,,,,,,,
,1,,,,,,,,,,,
,10,,,,,,,,,,,
,7,,,,,,,,,,,
,14,,,,,,,,,,,
,3,,,,,,,,,,,
,1,,,,,,,,,,,
,2,,,,,,,,,,,
,12,,,,,,,,,,,
,2,,,,,,,,,,,
,3,,,,,,,,,,,
,7,,,,,,,,,,,
,13,,,,,,,,,,,
,12,,,,,,,,,,,
,0,,,,,,,,,,,
,12,,,,,,,,,,,
,10,,,,,,,,,,,
,10,,,,,,,,,,,
,12,,,,,,,,,,,
,10,,,,,,,,,,,
,14,,,,,,,,,,,
,9,,,,,,,,,,,
,2,,,,,,,,,,,
,0,,,,,,,,,,,
,13,,,,,,,,,,,
,1,,,,,,,,,,,
,2,,,,,,,,,,,
,10,,,,,,,,,,,
,4,,,,,,,,,,,
,13,,,,,,,,,,,
,1,,,,,,,,,,,
,2,,,,,,,,,,,
,13,,,,,,,,,,,
,14,,,,,,,,,,,
,3,,,,,,,,,,,
,4,,,,,,,,,,,
,5,,,,,,,,,,,
,10,,,,,,,,,,,
,14,,,,,,,,,,,
,12,,,,,,,,,,,
,1,,,,,,,,,,,
,1,,,,,,,,,,,
,5,,,,,,,,,,,
,11,,,,,,,,,,,
,0,,,,,,,,,,,
,1,,,,,,,,,,,
,1,,,,,,,,,,,
,7,,,,,,,,,,,
,5,,,,,,,,,,,
,8,,,,,,,,,,,
,5,,,,,,,,,,,
,3,,,,,,,,,,,
,10,,,,,,,,,,,
,8,,,,,,,,,,,
,6,,,,,,,,,,,
,12,,,,,,,,,,,
,13,,,,,,,,,,,
,5,,,,,,,,,,,
,7,,,,,,,,,,,
,6,,,,,,,,,,,
,2,,,,,,,,,,,
,11,,,,,,,,,,,
,13,,,,,,,,,,,
,11,,,,,,,,,,,
,13,,,,,,,,,,,
,4,,,,,,,,,,,
,2,,,,,,,,,,,
,4,,,,,,,,,,,
,9,,,,,,,,,,,
,1,,,,,,,,,,,
,12,,,,,,,,,,,
,4,,,,,,,,,,,
,4,,,,,,,,,,,
,3,,,,,,,,,,,
,2,,,,,,,,,,,
,7,,,,,,,,,,,
,6,,,,,,,,,,,
,12,,,,,,,,,,,
,11,,,,,,,,,,,
,8,,,,,,,,,,,
,12,,,,,,,,,,,
,6,,,,,,,,,,,
,2,,,,,,,,,,,
,9,,,,,,,,,,,
,5,,,,,,,,,,,
,9,,,,,,,,,,,
,13,,,,,,,,,,,
,3,,,,,,,,,,,
,10,,,,,,,,,,,
,2,,,,,,,,,,,
,5,,,,,,,,,,,
,7,,,,,,,,,,,
,9,,,,,,,,,,,
,9,,,,,,,,,,,
,12,,,,,,,,,,,
,11,,,,,,,,,,,
,9,,,,,,,,,,,
,11,,,,,,,,,,,
,11,,,,,,,,,,,
,14,,,,,,,,,,,
,10,,,,,,,,,,,
,14,,,,,,,,,,,
,4,,,,,,,,,,,
,5,,,,,,,,,,,
,9,,,,,,,,,,,
,2,,,,,,,,,,,
,0,,,,,,,,,,,
,2,,,,,,,,,,,
,1,,,,,,,,,,,
,6,,,,,,,,,,,
,11,,,,,,,,,,,
,3,,,,,,,,,,,
,4,,,,,,,,,,,
,11,,,,,,,,,,,
,11,,,,,,,,,,,
,6,,,,,,,,,,,
,9,,,,,,,,,,,
,14,,,,,,,,,,,
,8,,,,,,,,,,,
,5,,,,,,,,,,,
,6,,,,,,,,,,,
,7,,,,,,,,,,,
,3,,,,,,,,,,,
,8,,,,,,,,,,,
,9,,,,,,,,,,,
,0,,,,,,,,,,,
,12,,,,,,,,,,,
,3,,,,,,,,,,,
,0,,,,,,,,,,,
,0,,,,,,,,,,,
,13,,,,,,,,,,,
,2,,,,,,,,,,,
,1,,,,,,,,,,,
,10,,,,,,,,,,,
,10,,,,,,,,,,,
,10,,,,,,,,,,,
,11,,,,,,,,,,,
,5,,,,,,,,,,,
,6,,,,,,,,,,,
,5,,,,,,,,,,,
,0,,,,,,,,,,,
,9,,,,,,,,,,,
,11,,,,,,,,,,,
,13,,,,,,,,,,,
,14,,,,,,,,,,,
,11,,,,,,,,,,,
,1,,,,,,,,,,,
,10,,,,,,,,,,,
,11,,,,,,,,,,,
,10,,,,,,,,,,,
,2,,,,,,,,,,,
,7,,,,,,,,,,,
,3,,,,,,,,,,,
,8,,,,,,,,,,,
,12,,,,,,,,,,,
,9,,,,,,,,,,,
,5,,,,,,,,,,,
,12,,,,,,,,,,,
,12,,,,,,,,,,,
,6,,,,,,,,,,,
,1,,,,,,,,,,,
,5,,,,,,,,,,,
,4,,,,,,,,,,,
,13,,,,,,,,,,,
,5,,,,,,,,,,,
,6,,,,,,,,,,,
,10,,,,,,,,,,,
,3,,,,,,,,,,,
,14,,,,,,,,,,,
,4,,,,,,,,,,,
,5,,,,,,,,,,,
,1,,,,,,,,,,,
,1,,,,,,,,,,,
,9,,,,,,,,,,,
,8,,,,,,,,,,,
,2,,,,,,,,,,,
,6,,,,,,,,,,,
,2,,,,,,,,,,,
,12,,,,,,,,,,,
,9,,,,,,,,,,,
,14,,,,,,,,,,,
,1,,,,,,,,,,,
,9,,,,,,,,,,,
,14,,,,,,,,,,,
,9,,,,,,,,,,,
,12,,,,,,,,,,,
,0,,,,,,,,,,,
,10,,,,,,,,,,,
,2,,,,,,,,,,,
,14,,,,,,,,,,,
,7,,,,,,,,,,,
,6,,,,,,,,,,,
,8,,,,,,,,,,,
,14,,,,,,,,,,,
,0,,,,,,,,,,,
,7,,,,,,,,,,,
,7,,,,,,,,,,,
,6,,,,,,,,,,,
,3,,,,,,,,,,,
,5,,,,,,,,,,,
,5,,,,,,,,,,,
,4,,,,,,,,,,,
,5,,,,,,,,,,,
,4,,,,,,,,,,,
,9,,,,,,,,,,,
,2,,,,,,,,,,,
,5,,,,,,,,,,,
,12,,,,,,,,,,,
,3,,,,,,,,,,,
,12,,,,,,,,,,,
,3,,,,,,,,,,,
,11,,,,,,,,,,,
,11,,,,,,,,,,,
,7,,,,,,,,,,,
,7,,,,,,,,,,,
,10,,,,,,,,,,,
,12,,,,,,,,,,,
,8,,,,,,,,,,,
,11,,,,,,,,,,,
,9,,,,,,,,,,,
,10,,,,,,,,,,,
,7,,,,,,,,,,,
,14,,,,,,,,,,,
,9,,,,,,,,,,,
,10,,,,,,,,,,,
,3,,,,,,,,,,,
,5,,,,,,,,,,,
,3,,,,,,,,,,,
,10,,,,,,,,,,,
,11,,,,,,,,,,,
,7,,,,,,,,,,,
,8,,,,,,,,,,,
,11,,,,,,,,,,,
,3,,,,,,,,,,,
,10,,,,,,,,,,,
,12,,,,,,,,,,,
,14,,,,,,,,,,,
,4,,,,,,,,,,,
,4,,,,,,,,,,,
,6,,,,,,,,,,,
,1,,,,,,,,,,,
,2,,,,,,,,,,,
,8,,,,,,,,,,,
,4,,,,,,,,,,,
,8,,,,,,,,,,,
,11,,,,,,,,,,,
,6,,,,,,,,,,,
,10,,,,,,,,,,,
,13,,,,,,,,,,,
,1,,,,,,,,,,,
,2,,,,,,,,,,,
,6,,,,,,,,,,,
,2,,,,,,,,,,,
,6,,,,,,,,,,,
,1,,,,,,,,,,,
,1,,,,,,,,,,,
,11,,,,,,,,,,,
,3,,,,,,,,,,,
,13,,,,,,,,,,,
,9,,,,,,,,,,,
,1,,,,,,,,,,,
,10,,,,,,,,,,,
,11,,,,,,,,,,,
,4,,,,,,,,,,,
,5,,,,,,,,,,,
,3,,,,,,,,,,,
,7,,,,,,,,,,,
,7,,,,,,,,,,,
,2,,,,,,,,,,,
,4,,,,,,,,,,,
,3,,,,,,,,,,,
,13,,,,,,,,,,,
,0,,,,,,,,,,,
,6,,,,,,,,,,,
,6,,,,,,,,,,,
,4,,,,,,,,,,,
,11,,,,,,,,,,,
,4,,,,,,,,,,,
,14,,,,,,,,,,,
,11,,,,,,,,,,,
,5,,,,,,,,,,,
,2,,,,,,,,,,,
,6,,,,,,,,,,,
,13,,,,,,,,,,,
,9,,,,,,,,,,,
,9,,,,,,,,,,,
2009,23,,,,,,,,,,,
,5,,,,,,,,,,,
,16,,,,,,,,,,,
,7,,,,,,,,,,,
,16,,,,,,,,,,,
,2,,,,,,,,,,,
,1,,,,,,,,,,,
,17,,,,,,,,,,,
,2,,,,,,,,,,,
,10,,,,,,,,,,,
,3,,,,,,,,,,,
,21,,,,,,,,,,,
,21,,,,,,,,,,,
,22,,,,,,,,,,,
,0,,,,,,,,,,,
,22,,,,,,,,,,,
,14,,,,,,,,,,,
,13,,,,,,,,,,,
,19,,,,,,,,,,,
,21,,,,,,,,,,,
,24,,,,,,,,,,,
,20,,,,,,,,,,,
,2,,,,,,,,,,,
,11,,,,,,,,,,,
,9,,,,,,,,,,,
,11,,,,,,,,,,,
,1,,,,,,,,,,,
,13,,,,,,,,,,,
,5,,,,,,,,,,,
,17,,,,,,,,,,,
,5,,,,,,,,,,,
,24,,,,,,,,,,,
,4,,,,,,,,,,,
,10,,,,,,,,,,,
,22,,,,,,,,,,,
,18,,,,,,,,,,,
,5,,,,,,,,,,,
,0,,,,,,,,,,,
,11,,,,,,,,,,,
,9,,,,,,,,,,,
,15,,,,,,,,,,,
,13,,,,,,,,,,,
,0,,,,,,,,,,,
,9,,,,,,,,,,,
,15,,,,,,,,,,,
,10,,,,,,,,,,,
,9,,,,,,,,,,,
,2,,,,,,,,,,,
,15,,,,,,,,,,,
,10,,,,,,,,,,,
,5,,,,,,,,,,,
,12,,,,,,,,,,,
,10,,,,,,,,,,,
,1,,,,,,,,,,,
,0,,,,,,,,,,,
,19,,,,,,,,,,,
,9,,,,,,,,,,,
,21,,,,,,,,,,,
,23,,,,,,,,,,,
,4,,,,,,,,,,,
,2,,,,,,,,,,,
,14,,,,,,,,,,,
,2,,,,,,,,,,,
,0,,,,,,,,,,,
,24,,,,,,,,,,,
,6,,,,,,,,,,,
,8,,,,,,,,,,,
,2,,,,,,,,,,,
,0,,,,,,,,,,,
,5,,,,,,,,,,,
,7,,,,,,,,,,,
,24,,,,,,,,,,,
,8,,,,,,,,,,,
,15,,,,,,,,,,,
,7,,,,,,,,,,,
,11,,,,,,,,,,,
,18,,,,,,,,,,,
,18,,,,,,,,,,,
,17,,,,,,,,,,,
,4,,,,,,,,,,,
,22,,,,,,,,,,,
,18,,,,,,,,,,,
,3,,,,,,,,,,,
,24,,,,,,,,,,,
,10,,,,,,,,,,,
,13,,,,,,,,,,,
,15,,,,,,,,,,,
,14,,,,,,,,,,,
,24,,,,,,,,,,,
,17,,,,,,,,,,,
,21,,,,,,,,,,,
,10,,,,,,,,,,,
,17,,,,,,,,,,,
,18,,,,,,,,,,,
,20,,,,,,,,,,,
,8,,,,,,,,,,,
,9,,,,,,,,,,,
,11,,,,,,,,,,,
,9,,,,,,,,,,,
,2,,,,,,,,,,,
,4,,,,,,,,,,,
,5,,,,,,,,,,,
,0,,,,,,,,,,,
,8,,,,,,,,,,,
,5,,,,,,,,,,,
,2,,,,,,,,,,,
,11,,,,,,,,,,,
,19,,,,,,,,,,,
,8,,,,,,,,,,,
,22,,,,,,,,,,,
,20,,,,,,,,,,,
,0,,,,,,,,,,,
,21,,,,,,,,,,,
,13,,,,,,,,,,,
,16,,,,,,,,,,,
,6,,,,,,,,,,,
,6,,,,,,,,,,,
,10,,,,,,,,,,,
,0,,,,,,,,,,,
,2,,,,,,,,,,,
,16,,,,,,,,,,,
,8,,,,,,,,,,,
,12,,,,,,,,,,,
,8,,,,,,,,,,,
,19,,,,,,,,,,,
,1,,,,,,,,,,,
,22,,,,,,,,,,,
,13,,,,,,,,,,,
,6,,,,,,,,,,,
,24,,,,,,,,,,,
,12,,,,,,,,,,,
,15,,,,,,,,,,,
,0,,,,,,,,,,,
,10,,,,,,,,,,,
,12,,,,,,,,,,,
,20,,,,,,,,,,,
,23,,,,,,,,,,,
,11,,,,,,,,,,,
,24,,,,,,,,,,,
,23,,,,,,,,,,,
,13,,,,,,,,,,,
,3,,,,,,,,,,,
,12,,,,,,,,,,,
,17,,,,,,,,,,,
,8,,,,,,,,,,,
,14,,,,,,,,,,,
,17,,,,,,,,,,,
,15,,,,,,,,,,,
,23,,,,,,,,,,,
,7,,,,,,,,,,,
,19,,,,,,,,,,,
,7,,,,,,,,,,,
,9,,,,,,,,,,,
,13,,,,,,,,,,,
,3,,,,,,,,,,,
,17,,,,,,,,,,,
,3,,,,,,,,,,,
,6,,,,,,,,,,,
,20,,,,,,,,,,,
,12,,,,,,,,,,,
,0,,,,,,,,,,,
,15,,,,,,,,,,,
,19,,,,,,,,,,,
,15,,,,,,,,,,,
,21,,,,,,,,,,,
,12,,,,,,,,,,,
,0,,,,,,,,,,,
,15,,,,,,,,,,,
,3,,,,,,,,,,,
,3,,,,,,,,,,,
,23,,,,,,,,,,,
,14,,,,,,,,,,,
,5,,,,,,,,,,,
,22,,,,,,,,,,,
,17,,,,,,,,,,,
,21,,,,,,,,,,,
,19,,,,,,,,,,,
,23,,,,,,,,,,,
,6,,,,,,,,,,,
,9,,,,,,,,,,,
,1,,,,,,,,,,,
,0,,,,,,,,,,,
,22,,,,,,,,,,,
,11,,,,,,,,,,,
,15,,,,,,,,,,,
,11,,,,,,,,,,,
,23,,,,,,,,,,,
,9,,,,,,,,,,,
,3,,,,,,,,,,,
,16,,,,,,,,,,,
,12,,,,,,,,,,,
,21,,,,,,,,,,,
,8,,,,,,,,,,,
,24,,,,,,,,,,,
,20,,,,,,,,,,,
,22,,,,,,,,,,,
,12,,,,,,,,,,,
,9,,,,,,,,,,,
,22,,,,,,,,,,,
,13,,,,,,,,,,,
,16,,,,,,,,,,,
,2,,,,,,,,,,,
,13,,,,,,,,,,,
,22,,,,,,,,,,,
,21,,,,,,,,,,,
,13,,,,,,,,,,,
,10,,,,,,,,,,,
,0,,,,,,,,,,,
,16,,,,,,,,,,,
,12,,,,,,,,,,,
,11,,,,,,,,,,,
,24,,,,,,,,,,,
,23,,,,,,,,,,,
,4,,,,,,,,,,,
,18,,,,,,,,,,,
,0,,,,,,,,,,,
,10,,,,,,,,,,,
,8,,,,,,,,,,,
,10,,,,,,,,,,,
,1,,,,,,,,,,,
,7,,,,,,,,,,,
,12,,,,,,,,,,,
,15,,,,,,,,,,,
,21,,,,,,,,,,,
,22,,,,,,,,,,,
,2,,,,,,,,,,,
,15,,,,,,,,,,,
,17,,,,,,,,,,,
,5,,,,,,,,,,,
,3,,,,,,,,,,,
,9,,,,,,,,,,,
,8,,,,,,,,,,,
,17,,,,,,,,,,,
,19,,,,,,,,,,,
,14,,,,,,,,,,,
,5,,,,,,,,,,,
,21,,,,,,,,,,,
,6,,,,,,,,,,,
,9,,,,,,,,,,,
,16,,,,,,,,,,,
,13,,,,,,,,,,,
,4,,,,,,,,,,,
,8,,,,,,,,,,,
,5,,,,,,,,,,,
,15,,,,,,,,,,,
,18,,,,,,,,,,,
,6,,,,,,,,,,,
,21,,,,,,,,,,,
,8,,,,,,,,,,,
,14,,,,,,,,,,,
,16,,,,,,,,,,,
,16,,,,,,,,,,,
,17,,,,,,,,,,,
,6,,,,,,,,,,,
,13,,,,,,,,,,,
,10,,,,,,,,,,,
,20,,,,,,,,,,,
,22,,,,,,,,,,,
,8,,,,,,,,,,,
,9,,,,,,,,,,,
,1,,,,,,,,,,,
,21,,,,,,,,,,,
,22,,,,,,,,,,,
,19,,,,,,,,,,,
,4,,,,,,,,,,,
,18,,,,,,,,,,,
,23,,,,,,,,,,,
,10,,,,,,,,,,,
,7,,,,,,,,,,,
,3,,,,,,,,,,,
,0,,,,,,,,,,,
,6,,,,,,,,,,,
,21,,,,,,,,,,,
,2,,,,,,,,,,,
,18,,,,,,,,,,,
,6,,,,,,,,,,,
,22,,,,,,,,,,,
,21,,,,,,,,,,,
,10,,,,,,,,,,,
,15,,,,,,,,,,,
,19,,,,,,,,,,,
,24,,,,,,,,,,,
,3,,,,,,,,,,,
,15,,,,,,,,,,,
,17,,,,,,,,,,,
,15,,,,,,,,,,,
,16,,,,,,,,,,,
,7,,,,,,,,,,,
,2,,,,,,,,,,,
,24,,,,,,,,,,,
,24,,,,,,,,,,,
,2,,,,,,,,,,,
,11,,,,,,,,,,,
,19,,,,,,,,,,,
,20,,,,,,,,,,,
,15,,,,,,,,,,,
,9,,,,,,,,,,,
,5,,,,,,,,,,,
,2,,,,,,,,,,,
,7,,,,,,,,,,,
,24,,,,,,,,,,,
,23,,,,,,,,,,,
,2,,,,,,,,,,,
,2,,,,,,,,,,,
,14,,,,,,,,,,,
,7,,,,,,,,,,,
,14,,,,,,,,,,,
,13,,,,,,,,,,,
,21,,,,,,,,,,,
,7,,,,,,,,,,,
,12,,,,,,,,,,,
,24,,,,,,,,,,,
,15,,,,,,,,,,,
,10,,,,,,,,,,,
,16,,,,,,,,,,,
,23,,,,,,,,,,,
,10,,,,,,,,,,,
,4,,,,,,,,,,,
,15,,,,,,,,,,,
,18,,,,,,,,,,,
,9,,,,,,,,,,,
,12,,,,,,,,,,,
,22,,,,,,,,,,,
,6,,,,,,,,,,,
,6,,,,,,,,,,,
,10,,,,,,,,,,,
,5,,,,,,,,,,,
,7,,,,,,,,,,,
,19,,,,,,,,,,,
,9,,,,,,,,,,,
,0,,,,,,,,,,,
,14,,,,,,,,,,,
,13,,,,,,,,,,,
,5,,,,,,,,,,,
,17,,,,,,,,,,,
,11,,,,,,,,,,,
,0,,,,,,,,,,,
,9,,,,,,,,,,,
,23,,,,,,,,,,,
,18,,,,,,,,,,,
,4,,,,,,,,,,,
,5,,,,,,,,,,,
,14,,,,,,,,,,,
,9,,,,,,,,,,,
,10,,,,,,,,,,,
,4,,,,,,,,,,,
,20,,,,,,,,,,,
,15,,,,,,,,,,,
,5,,,,,,,,,,,
,12,,,,,,,,,,,
,6,,,,,,,,,,,
,5,,,,,,,,,,,
,20,,,,,,,,,,,
,15,,,,,,,,,,,
,10,,,,,,,,,,,
,2,,,,,,,,,,,
,19,,,,,,,,,,,
,9,,,,,,,,,,,
,7,,,,,,,,,,,
,17,,,,,,,,,,,
,21,,,,,,,,,,,
,17,,,,,,,,,,,
,1,,,,,,,,,,,
,10,,,,,,,,,,,
,21,,,,,,,,,,,
2010,21,,,,,,,,,,,
,14,,,,,,,,,,,
,3,,,,,,,,,,,
,9,,,,,,,,,,,
,10,,,,,,,,,,,
,12,,,,,,,,,,,
,12,,,,,,,,,,,
,27,,,,,,,,,,,
,15,,,,,,,,,,,
,3,,,,,,,,,,,
,14,,,,,,,,,,,
,11,,,,,,,,,,,
,24,,,,,,,,,,,
,0,,,,,,,,,,,
,25,,,,,,,,,,,
,0,,,,,,,,,,,
,25,,,,,,,,,,,
,6,,,,,,,,,,,
,11,,,,,,,,,,,
,12,,,,,,,,,,,
,6,,,,,,,,,,,
,0,,,,,,,,,,,
,3,,,,,,,,,,,
,5,,,,,,,,,,,
,6,,,,,,,,,,,
,7,,,,,,,,,,,
,6,,,,,,,,,,,
,11,,,,,,,,,,,
,12,,,,,,,,,,,
,0,,,,,,,,,,,
,26,,,,,,,,,,,
,2,,,,,,,,,,,
,0,,,,,,,,,,,
,14,,,,,,,,,,,
,21,,,,,,,,,,,
,22,,,,,,,,,,,
,25,,,,,,,,,,,
,5,,,,,,,,,,,
,9,,,,,,,,,,,
,26,,,,,,,,,,,
,28,,,,,,,,,,,
,16,,,,,,,,,,,
,17,,,,,,,,,,,
,8,,,,,,,,,,,
,17,,,,,,,,,,,
,2,,,,,,,,,,,
,8,,,,,,,,,,,
,24,,,,,,,,,,,
,0,,,,,,,,,,,
,23,,,,,,,,,,,
,12,,,,,,,,,,,
,15,,,,,,,,,,,
,29,,,,,,,,,,,
,12,,,,,,,,,,,
,9,,,,,,,,,,,
,26,,,,,,,,,,,
,2,,,,,,,,,,,
,6,,,,,,,,,,,
,16,,,,,,,,,,,
,14,,,,,,,,,,,
,17,,,,,,,,,,,
,8,,,,,,,,,,,
,28,,,,,,,,,,,
,10,,,,,,,,,,,
,6,,,,,,,,,,,
,23,,,,,,,,,,,
,15,,,,,,,,,,,
,8,,,,,,,,,,,
,4,,,,,,,,,,,
,24,,,,,,,,,,,
,27,,,,,,,,,,,
,20,,,,,,,,,,,
,6,,,,,,,,,,,
,23,,,,,,,,,,,
,20,,,,,,,,,,,
,27,,,,,,,,,,,
,1,,,,,,,,,,,
,14,,,,,,,,,,,
,17,,,,,,,,,,,
,21,,,,,,,,,,,
,11,,,,,,,,,,,
,15,,,,,,,,,,,
,16,,,,,,,,,,,
,3,,,,,,,,,,,
,5,,,,,,,,,,,
,20,,,,,,,,,,,
,21,,,,,,,,,,,
,19,,,,,,,,,,,
,5,,,,,,,,,,,
,4,,,,,,,,,,,
,9,,,,,,,,,,,
,22,,,,,,,,,,,
,1,,,,,,,,,,,
,9,,,,,,,,,,,
,4,,,,,,,,,,,
,20,,,,,,,,,,,
,6,,,,,,,,,,,
,14,,,,,,,,,,,
,16,,,,,,,,,,,
,2,,,,,,,,,,,
,19,,,,,,,,,,,
,1,,,,,,,,,,,
,19,,,,,,,,,,,
,24,,,,,,,,,,,
,12,,,,,,,,,,,
,11,,,,,,,,,,,
,0,,,,,,,,,,,
,26,,,,,,,,,,,
,24,,,,,,,,,,,
,29,,,,,,,,,,,
,2,,,,,,,,,,,
,19,,,,,,,,,,,
,19,,,,,,,,,,,
,0,,,,,,,,,,,
,14,,,,,,,,,,,
,10,,,,,,,,,,,
,9,,,,,,,,,,,
,15,,,,,,,,,,,
,14,,,,,,,,,,,
,5,,,,,,,,,,,
,20,,,,,,,,,,,
,13,,,,,,,,,,,
,27,,,,,,,,,,,
,29,,,,,,,,,,,
,3,,,,,,,,,,,
,29,,,,,,,,,,,
,4,,,,,,,,,,,
,6,,,,,,,,,,,
,6,,,,,,,,,,,
,19,,,,,,,,,,,
,20,,,,,,,,,,,
,27,,,,,,,,,,,
,14,,,,,,,,,,,
,18,,,,,,,,,,,
,24,,,,,,,,,,,
,14,,,,,,,,,,,
,23,,,,,,,,,,,
,10,,,,,,,,,,,
,9,,,,,,,,,,,
,22,,,,,,,,,,,
,1,,,,,,,,,,,
,5,,,,,,,,,,,
,27,,,,,,,,,,,
,3,,,,,,,,,,,
,17,,,,,,,,,,,
,15,,,,,,,,,,,
,22,,,,,,,,,,,
,10,,,,,,,,,,,
,22,,,,,,,,,,,
,4,,,,,,,,,,,
,29,,,,,,,,,,,
,26,,,,,,,,,,,
,25,,,,,,,,,,,
,29,,,,,,,,,,,
,18,,,,,,,,,,,
,17,,,,,,,,,,,
,5,,,,,,,,,,,
,8,,,,,,,,,,,
,14,,,,,,,,,,,
,24,,,,,,,,,,,
,17,,,,,,,,,,,
,11,,,,,,,,,,,
,18,,,,,,,,,,,
,24,,,,,,,,,,,
,19,,,,,,,,,,,
,24,,,,,,,,,,,
,13,,,,,,,,,,,
,1,,,,,,,,,,,
,13,,,,,,,,,,,
,15,,,,,,,,,,,
,13,,,,,,,,,,,
,25,,,,,,,,,,,
,8,,,,,,,,,,,
,2,,,,,,,,,,,
,12,,,,,,,,,,,
,12,,,,,,,,,,,
,9,,,,,,,,,,,
,20,,,,,,,,,,,
,18,,,,,,,,,,,
,14,,,,,,,,,,,
,3,,,,,,,,,,,
,25,,,,,,,,,,,
,10,,,,,,,,,,,
,25,,,,,,,,,,,
,8,,,,,,,,,,,
,4,,,,,,,,,,,
,19,,,,,,,,,,,
,8,,,,,,,,,,,
,11,,,,,,,,,,,
,10,,,,,,,,,,,
,25,,,,,,,,,,,
,7,,,,,,,,,,,
,20,,,,,,,,,,,
,25,,,,,,,,,,,
,7,,,,,,,,,,,
,12,,,,,,,,,,,
,2,,,,,,,,,,,
,8,,,,,,,,,,,
,27,,,,,,,,,,,
,16,,,,,,,,,,,
,16,,,,,,,,,,,
,4,,,,,,,,,,,
,19,,,,,,,,,,,
,25,,,,,,,,,,,
,14,,,,,,,,,,,
,19,,,,,,,,,,,
,20,,,,,,,,,,,
,21,,,,,,,,,,,
,5,,,,,,,,,,,
,29,,,,,,,,,,,
,2,,,,,,,,,,,
,17,,,,,,,,,,,
,5,,,,,,,,,,,
,6,,,,,,,,,,,
,26,,,,,,,,,,,
,24,,,,,,,,,,,
,27,,,,,,,,,,,
,29,,,,,,,,,,,
,5,,,,,,,,,,,
,22,,,,,,,,,,,
,16,,,,,,,,,,,
,9,,,,,,,,,,,
,16,,,,,,,,,,,
,7,,,,,,,,,,,
,10,,,,,,,,,,,
,14,,,,,,,,,,,
,28,,,,,,,,,,,
,1,,,,,,,,,,,
,29,,,,,,,,,,,
,24,,,,,,,,,,,
,16,,,,,,,,,,,
,2,,,,,,,,,,,
,22,,,,,,,,,,,
,12,,,,,,,,,,,
,6,,,,,,,,,,,
,13,,,,,,,,,,,
,4,,,,,,,,,,,
,21,,,,,,,,,,,
,18,,,,,,,,,,,
,14,,,,,,,,,,,
,25,,,,,,,,,,,
,3,,,,,,,,,,,
,22,,,,,,,,,,,
,15,,,,,,,,,,,
,4,,,,,,,,,,,
,14,,,,,,,,,,,
,12,,,,,,,,,,,
,19,,,,,,,,,,,
,14,,,,,,,,,,,
,29,,,,,,,,,,,
,19,,,,,,,,,,,
,20,,,,,,,,,,,
,2,,,,,,,,,,,
,10,,,,,,,,,,,
,12,,,,,,,,,,,
,18,,,,,,,,,,,
,0,,,,,,,,,,,
,29,,,,,,,,,,,
,23,,,,,,,,,,,
,19,,,,,,,,,,,
,28,,,,,,,,,,,
,28,,,,,,,,,,,
,0,,,,,,,,,,,
,9,,,,,,,,,,,
,1,,,,,,,,,,,
,8,,,,,,,,,,,
,15,,,,,,,,,,,
,24,,,,,,,,,,,
,21,,,,,,,,,,,
,19,,,,,,,,,,,
,0,,,,,,,,,,,
,12,,,,,,,,,,,
,1,,,,,,,,,,,
,21,,,,,,,,,,,
,9,,,,,,,,,,,
,5,,,,,,,,,,,
,1,,,,,,,,,,,
,29,,,,,,,,,,,
,23,,,,,,,,,,,
,23,,,,,,,,,,,
,24,,,,,,,,,,,
,15,,,,,,,,,,,
,18,,,,,,,,,,,
,7,,,,,,,,,,,
,15,,,,,,,,,,,
,23,,,,,,,,,,,
,20,,,,,,,,,,,
,9,,,,,,,,,,,
,12,,,,,,,,,,,
,27,,,,,,,,,,,
,17,,,,,,,,,,,
,24,,,,,,,,,,,
,25,,,,,,,,,,,
,5,,,,,,,,,,,
,21,,,,,,,,,,,
,6,,,,,,,,,,,
,26,,,,,,,,,,,
,13,,,,,,,,,,,
,20,,,,,,,,,,,
,2,,,,,,,,,,,
,4,,,,,,,,,,,
,6,,,,,,,,,,,
,27,,,,,,,,,,,
,4,,,,,,,,,,,
,12,,,,,,,,,,,
,3,,,,,,,,,,,
,16,,,,,,,,,,,
,11,,,,,,,,,,,
,29,,,,,,,,,,,
,19,,,,,,,,,,,
,19,,,,,,,,,,,
,6,,,,,,,,,,,
,13,,,,,,,,,,,
,16,,,,,,,,,,,
,15,,,,,,,,,,,
,2,,,,,,,,,,,
,22,,,,,,,,,,,
,10,,,,,,,,,,,
,8,,,,,,,,,,,
,11,,,,,,,,,,,
,9,,,,,,,,,,,
,13,,,,,,,,,,,
,16,,,,,,,,,,,
,15,,,,,,,,,,,
,7,,,,,,,,,,,
,11,,,,,,,,,,,
,12,,,,,,,,,,,
,7,,,,,,,,,,,
,18,,,,,,,,,,,
,9,,,,,,,,,,,
,14,,,,,,,,,,,
,22,,,,,,,,,,,
,0,,,,,,,,,,,
,20,,,,,,,,,,,
,12,,,,,,,,,,,
,6,,,,,,,,,,,
,1,,,,,,,,,,,
,5,,,,,,,,,,,
,12,,,,,,,,,,,
,28,,,,,,,,,,,
,3,,,,,,,,,,,
,16,,,,,,,,,,,
,16,,,,,,,,,,,
,12,,,,,,,,,,,
,23,,,,,,,,,,,
,7,,,,,,,,,,,
,14,,,,,,,,,,,
,5,,,,,,,,,,,
,3,,,,,,,,,,,
,14,,,,,,,,,,,
,11,,,,,,,,,,,
,5,,,,,,,,,,,
,27,,,,,,,,,,,
,11,,,,,,,,,,,
,21,,,,,,,,,,,
,16,,,,,,,,,,,
,0,,,,,,,,,,,
,22,,,,,,,,,,,
,29,,,,,,,,,,,
,4,,,,,,,,,,,
,18,,,,,,,,,,,
,3,,,,,,,,,,,
,28,,,,,,,,,,,
,8,,,,,,,,,,,
,9,,,,,,,,,,,
2011,1,,,,,,,,,,,
,12,,,,,,,,,,,
,4,,,,,,,,,,,
,12,,,,,,,,,,,
,17,,,,,,,,,,,
,8,,,,,,,,,,,
,10,,,,,,,,,,,
,17,,,,,,,,,,,
,7,,,,,,,,,,,
,12,,,,,,,,,,,
,3,,,,,,,,,,,
,8,,,,,,,,,,,
,5,,,,,,,,,,,
,18,,,,,,,,,,,
,18,,,,,,,,,,,
,13,,,,,,,,,,,
,8,,,,,,,,,,,
,17,,,,,,,,,,,
,0,,,,,,,,,,,
,6,,,,,,,,,,,
,2,,,,,,,,,,,
,9,,,,,,,,,,,
,15,,,,,,,,,,,
,6,,,,,,,,,,,
,11,,,,,,,,,,,
,5,,,,,,,,,,,
,11,,,,,,,,,,,
,4,,,,,,,,,,,
,9,,,,,,,,,,,
,2,,,,,,,,,,,
,6,,,,,,,,,,,
,14,,,,,,,,,,,
,11,,,,,,,,,,,
,3,,,,,,,,,,,
,15,,,,,,,,,,,
,12,,,,,,,,,,,
,14,,,,,,,,,,,
,1,,,,,,,,,,,
,8,,,,,,,,,,,
,15,,,,,,,,,,,
,11,,,,,,,,,,,
,16,,,,,,,,,,,
,5,,,,,,,,,,,
,8,,,,,,,,,,,
,16,,,,,,,,,,,
,4,,,,,,,,,,,
,11,,,,,,,,,,,
,5,,,,,,,,,,,
,9,,,,,,,,,,,
,3,,,,,,,,,,,
,14,,,,,,,,,,,
,4,,,,,,,,,,,
,11,,,,,,,,,,,
,7,,,,,,,,,,,
,19,,,,,,,,,,,
,7,,,,,,,,,,,
,0,,,,,,,,,,,
,11,,,,,,,,,,,
,17,,,,,,,,,,,
,5,,,,,,,,,,,
,17,,,,,,,,,,,
,6,,,,,,,,,,,
,17,,,,,,,,,,,
,14,,,,,,,,,,,
,5,,,,,,,,,,,
,4,,,,,,,,,,,
,10,,,,,,,,,,,
,0,,,,,,,,,,,
,19,,,,,,,,,,,
,7,,,,,,,,,,,
,11,,,,,,,,,,,
,0,,,,,,,,,,,
,15,,,,,,,,,,,
,9,,,,,,,,,,,
,0,,,,,,,,,,,
,5,,,,,,,,,,,
,5,,,,,,,,,,,
,9,,,,,,,,,,,
,8,,,,,,,,,,,
,13,,,,,,,,,,,
,14,,,,,,,,,,,
,14,,,,,,,,,,,
,8,,,,,,,,,,,
,13,,,,,,,,,,,
,15,,,,,,,,,,,
,13,,,,,,,,,,,
,13,,,,,,,,,,,
,9,,,,,,,,,,,
,11,,,,,,,,,,,
,15,,,,,,,,,,,
,0,,,,,,,,,,,
,19,,,,,,,,,,,
,18,,,,,,,,,,,
,12,,,,,,,,,,,
,8,,,,,,,,,,,
,12,,,,,,,,,,,
,18,,,,,,,,,,,
,9,,,,,,,,,,,
,9,,,,,,,,,,,
,13,,,,,,,,,,,
,16,,,,,,,,,,,
,17,,,,,,,,,,,
,4,,,,,,,,,,,
,11,,,,,,,,,,,
,17,,,,,,,,,,,
,5,,,,,,,,,,,
,18,,,,,,,,,,,
,16,,,,,,,,,,,
,17,,,,,,,,,,,
,3,,,,,,,,,,,
,12,,,,,,,,,,,
,11,,,,,,,,,,,
,12,,,,,,,,,,,
,8,,,,,,,,,,,
,12,,,,,,,,,,,
,11,,,,,,,,,,,
,9,,,,,,,,,,,
,11,,,,,,,,,,,
,8,,,,,,,,,,,
,3,,,,,,,,,,,
,19,,,,,,,,,,,
,16,,,,,,,,,,,
,19,,,,,,,,,,,
,6,,,,,,,,,,,
,8,,,,,,,,,,,
,1,,,,,,,,,,,
,17,,,,,,,,,,,
,15,,,,,,,,,,,
,0,,,,,,,,,,,
,5,,,,,,,,,,,
,14,,,,,,,,,,,
,1,,,,,,,,,,,
,15,,,,,,,,,,,
,4,,,,,,,,,,,
,5,,,,,,,,,,,
,9,,,,,,,,,,,
,2,,,,,,,,,,,
,7,,,,,,,,,,,
,12,,,,,,,,,,,
,13,,,,,,,,,,,
,11,,,,,,,,,,,
,0,,,,,,,,,,,
,10,,,,,,,,,,,
,16,,,,,,,,,,,
,19,,,,,,,,,,,
,14,,,,,,,,,,,
,17,,,,,,,,,,,
,12,,,,,,,,,,,
,15,,,,,,,,,,,
,3,,,,,,,,,,,
,3,,,,,,,,,,,
,12,,,,,,,,,,,
,6,,,,,,,,,,,
,4,,,,,,,,,,,
,3,,,,,,,,,,,
,8,,,,,,,,,,,
,14,,,,,,,,,,,
,2,,,,,,,,,,,
,15,,,,,,,,,,,
,6,,,,,,,,,,,
,3,,,,,,,,,,,
,10,,,,,,,,,,,
,5,,,,,,,,,,,
,11,,,,,,,,,,,
,15,,,,,,,,,,,
,6,,,,,,,,,,,
,15,,,,,,,,,,,
,17,,,,,,,,,,,
,13,,,,,,,,,,,
,12,,,,,,,,,,,
,14,,,,,,,,,,,
,8,,,,,,,,,,,
,5,,,,,,,,,,,
,7,,,,,,,,,,,
,13,,,,,,,,,,,
,1,,,,,,,,,,,
,9,,,,,,,,,,,
,15,,,,,,,,,,,
,3,,,,,,,,,,,
,15,,,,,,,,,,,
,17,,,,,,,,,,,
,5,,,,,,,,,,,
,11,,,,,,,,,,,
,6,,,,,,,,,,,
,14,,,,,,,,,,,
,16,,,,,,,,,,,
,9,,,,,,,,,,,
,19,,,,,,,,,,,
,8,,,,,,,,,,,
,16,,,,,,,,,,,
,19,,,,,,,,,,,
,5,,,,,,,,,,,
,19,,,,,,,,,,,
,19,,,,,,,,,,,
,14,,,,,,,,,,,
,14,,,,,,,,,,,
,15,,,,,,,,,,,
,13,,,,,,,,,,,
,13,,,,,,,,,,,
,16,,,,,,,,,,,
,17,,,,,,,,,,,
,0,,,,,,,,,,,
,11,,,,,,,,,,,
,4,,,,,,,,,,,
,18,,,,,,,,,,,
,13,,,,,,,,,,,
,8,,,,,,,,,,,
,1,,,,,,,,,,,
,9,,,,,,,,,,,
,14,,,,,,,,,,,
,4,,,,,,,,,,,
,0,,,,,,,,,,,
,11,,,,,,,,,,,
,0,,,,,,,,,,,
,7,,,,,,,,,,,
,17,,,,,,,,,,,
,17,,,,,,,,,,,
,17,,,,,,,,,,,
,6,,,,,,,,,,,
,19,,,,,,,,,,,
,19,,,,,,,,,,,
,13,,,,,,,,,,,
,13,,,,,,,,,,,
,15,,,,,,,,,,,
,13,,,,,,,,,,,
,8,,,,,,,,,,,
,13,,,,,,,,,,,
,8,,,,,,,,,,,
,5,,,,,,,,,,,
,3,,,,,,,,,,,
,3,,,,,,,,,,,
,18,,,,,,,,,,,
,15,,,,,,,,,,,
,10,,,,,,,,,,,
,15,,,,,,,,,,,
,18,,,,,,,,,,,
,1,,,,,,,,,,,
,3,,,,,,,,,,,
,0,,,,,,,,,,,
,7,,,,,,,,,,,
,3,,,,,,,,,,,
,11,,,,,,,,,,,
,9,,,,,,,,,,,
,11,,,,,,,,,,,
,17,,,,,,,,,,,
,13,,,,,,,,,,,
,3,,,,,,,,,,,
,8,,,,,,,,,,,
,11,,,,,,,,,,,
,15,,,,,,,,,,,
,16,,,,,,,,,,,
,17,,,,,,,,,,,
,9,,,,,,,,,,,
,1,,,,,,,,,,,
,18,,,,,,,,,,,
,2,,,,,,,,,,,
,16,,,,,,,,,,,
,3,,,,,,,,,,,
,14,,,,,,,,,,,
,3,,,,,,,,,,,
,6,,,,,,,,,,,
,2,,,,,,,,,,,
,10,,,,,,,,,,,
,1,,,,,,,,,,,
,14,,,,,,,,,,,
,14,,,,,,,,,,,
,14,,,,,,,,,,,
,5,,,,,,,,,,,
,12,,,,,,,,,,,
,19,,,,,,,,,,,
,5,,,,,,,,,,,
,3,,,,,,,,,,,
,0,,,,,,,,,,,
,4,,,,,,,,,,,
,1,,,,,,,,,,,
,2,,,,,,,,,,,
,8,,,,,,,,,,,
,2,,,,,,,,,,,
,13,,,,,,,,,,,
,16,,,,,,,,,,,
,9,,,,,,,,,,,
,15,,,,,,,,,,,
,4,,,,,,,,,,,
,19,,,,,,,,,,,
,9,,,,,,,,,,,
,15,,,,,,,,,,,
,17,,,,,,,,,,,
,16,,,,,,,,,,,
,5,,,,,,,,,,,
,6,,,,,,,,,,,
,1,,,,,,,,,,,
,7,,,,,,,,,,,
,1,,,,,,,,,,,
,4,,,,,,,,,,,
,19,,,,,,,,,,,
,1,,,,,,,,,,,
,15,,,,,,,,,,,
,5,,,,,,,,,,,
,16,,,,,,,,,,,
,9,,,,,,,,,,,
,7,,,,,,,,,,,
,14,,,,,,,,,,,
,19,,,,,,,,,,,
,3,,,,,,,,,,,
,5,,,,,,,,,,,
,12,,,,,,,,,,,
,10,,,,,,,,,,,
,14,,,,,,,,,,,
,17,,,,,,,,,,,
,10,,,,,,,,,,,
,6,,,,,,,,,,,
,3,,,,,,,,,,,
,14,,,,,,,,,,,
,15,,,,,,,,,,,
,19,,,,,,,,,,,
,15,,,,,,,,,,,
,4,,,,,,,,,,,
,10,,,,,,,,,,,
,12,,,,,,,,,,,
,6,,,,,,,,,,,
,8,,,,,,,,,,,
,4,,,,,,,,,,,
,19,,,,,,,,,,,
,18,,,,,,,,,,,
,12,,,,,,,,,,,
,18,,,,,,,,,,,
,5,,,,,,,,,,,
,15,,,,,,,,,,,
,16,,,,,,,,,,,
,5,,,,,,,,,,,
,4,,,,,,,,,,,
,9,,,,,,,,,,,
,12,,,,,,,,,,,
,10,,,,,,,,,,,
,4,,,,,,,,,,,
,2,,,,,,,,,,,
,14,,,,,,,,,,,
,18,,,,,,,,,,,
,11,,,,,,,,,,,
,13,,,,,,,,,,,
,7,,,,,,,,,,,
,14,,,,,,,,,,,
,19,,,,,,,,,,,
,18,,,,,,,,,,,
,8,,,,,,,,,,,
,3,,,,,,,,,,,
,0,,,,,,,,,,,
,13,,,,,,,,,,,
,2,,,,,,,,,,,
,2,,,,,,,,,,,
,17,,,,,,,,,,,
,2,,,,,,,,,,,
,17,,,,,,,,,,,
,5,,,,,,,,,,,
,12,,,,,,,,,,,
,19,,,,,,,,,,,
,16,,,,,,,,,,,
,12,,,,,,,,,,,
,2,,,,,,,,,,,
,14,,,,,,,,,,,
,11,,,,,,,,,,,
,18,,,,,,,,,,,
,14,,,,,,,,,,,
,1,,,,,,,,,,,
,14,,,,,,,,,,,
2012,10,,,,,,,,,,,
,18,,,,,,,,,,,
,13,,,,,,,,,,,
,17,,,,,,,,,,,
,1,,,,,,,,,,,
,7,,,,,,,,,,,
,13,,,,,,,,,,,
,13,,,,,,,,,,,
,19,,,,,,,,,,,
,11,,,,,,,,,,,
,11,,,,,,,,,,,
,10,,,,,,,,,,,
,2,,,,,,,,,,,
,11,,,,,,,,,,,
,8,,,,,,,,,,,
,16,,,,,,,,,,,
,7,,,,,,,,,,,
,13,,,,,,,,,,,
,11,,,,,,,,,,,
,0,,,,,,,,,,,
,13,,,,,,,,,,,
,1,,,,,,,,,,,
,15,,,,,,,,,,,
,14,,,,,,,,,,,
,14,,,,,,,,,,,
,3,,,,,,,,,,,
,13,,,,,,,,,,,
,10,,,,,,,,,,,
,1,,,,,,,,,,,
,10,,,,,,,,,,,
,16,,,,,,,,,,,
,2,,,,,,,,,,,
,17,,,,,,,,,,,
,6,,,,,,,,,,,
,16,,,,,,,,,,,
,7,,,,,,,,,,,
,17,,,,,,,,,,,
,10,,,,,,,,,,,
,0,,,,,,,,,,,
,8,,,,,,,,,,,
,6,,,,,,,,,,,
,7,,,,,,,,,,,
,16,,,,,,,,,,,
,16,,,,,,,,,,,
,3,,,,,,,,,,,
,10,,,,,,,,,,,
,8,,,,,,,,,,,
,5,,,,,,,,,,,
,10,,,,,,,,,,,
,7,,,,,,,,,,,
,19,,,,,,,,,,,
,2,,,,,,,,,,,
,12,,,,,,,,,,,
,11,,,,,,,,,,,
,19,,,,,,,,,,,
,8,,,,,,,,,,,
,18,,,,,,,,,,,
,7,,,,,,,,,,,
,0,,,,,,,,,,,
,1,,,,,,,,,,,
,4,,,,,,,,,,,
,2,,,,,,,,,,,
,17,,,,,,,,,,,
,18,,,,,,,,,,,
,4,,,,,,,,,,,
,13,,,,,,,,,,,
,15,,,,,,,,,,,
,3,,,,,,,,,,,
,4,,,,,,,,,,,
,18,,,,,,,,,,,
,10,,,,,,,,,,,
,12,,,,,,,,,,,
,14,,,,,,,,,,,
,2,,,,,,,,,,,
,18,,,,,,,,,,,
,10,,,,,,,,,,,
,2,,,,,,,,,,,
,12,,,,,,,,,,,
,4,,,,,,,,,,,
,11,,,,,,,,,,,
,7,,,,,,,,,,,
,3,,,,,,,,,,,
,9,,,,,,,,,,,
,11,,,,,,,,,,,
,18,,,,,,,,,,,
,2,,,,,,,,,,,
,19,,,,,,,,,,,
,12,,,,,,,,,,,
,12,,,,,,,,,,,
,14,,,,,,,,,,,
,10,,,,,,,,,,,
,10,,,,,,,,,,,
,5,,,,,,,,,,,
,5,,,,,,,,,,,
,19,,,,,,,,,,,
,16,,,,,,,,,,,
,15,,,,,,,,,,,
,5,,,,,,,,,,,
,13,,,,,,,,,,,
,13,,,,,,,,,,,
,5,,,,,,,,,,,
,18,,,,,,,,,,,
,17,,,,,,,,,,,
,16,,,,,,,,,,,
,11,,,,,,,,,,,
,4,,,,,,,,,,,
,6,,,,,,,,,,,
,0,,,,,,,,,,,
,8,,,,,,,,,,,
,3,,,,,,,,,,,
,12,,,,,,,,,,,
,15,,,,,,,,,,,
,1,,,,,,,,,,,
,11,,,,,,,,,,,
,18,,,,,,,,,,,
,11,,,,,,,,,,,
,2,,,,,,,,,,,
,2,,,,,,,,,,,
,18,,,,,,,,,,,
,11,,,,,,,,,,,
,9,,,,,,,,,,,
,10,,,,,,,,,,,
,19,,,,,,,,,,,
,13,,,,,,,,,,,
,1,,,,,,,,,,,
,11,,,,,,,,,,,
,12,,,,,,,,,,,
,11,,,,,,,,,,,
,14,,,,,,,,,,,
,3,,,,,,,,,,,
,10,,,,,,,,,,,
,11,,,,,,,,,,,
,14,,,,,,,,,,,
,19,,,,,,,,,,,
,5,,,,,,,,,,,
,0,,,,,,,,,,,
,9,,,,,,,,,,,
,3,,,,,,,,,,,
,1,,,,,,,,,,,
,9,,,,,,,,,,,
,2,,,,,,,,,,,
,2,,,,,,,,,,,
,15,,,,,,,,,,,
,6,,,,,,,,,,,
,8,,,,,,,,,,,
,13,,,,,,,,,,,
,10,,,,,,,,,,,
,8,,,,,,,,,,,
,5,,,,,,,,,,,
,15,,,,,,,,,,,
,13,,,,,,,,,,,
,9,,,,,,,,,,,
,16,,,,,,,,,,,
,2,,,,,,,,,,,
,17,,,,,,,,,,,
,16,,,,,,,,,,,
,2,,,,,,,,,,,
,4,,,,,,,,,,,
,6,,,,,,,,,,,
,4,,,,,,,,,,,
,1,,,,,,,,,,,
,16,,,,,,,,,,,
,15,,,,,,,,,,,
,8,,,,,,,,,,,
,12,,,,,,,,,,,
,5,,,,,,,,,,,
,10,,,,,,,,,,,
,12,,,,,,,,,,,
,18,,,,,,,,,,,
,12,,,,,,,,,,,
,5,,,,,,,,,,,
,6,,,,,,,,,,,
,10,,,,,,,,,,,
,0,,,,,,,,,,,
,17,,,,,,,,,,,
,13,,,,,,,,,,,
,3,,,,,,,,,,,
,18,,,,,,,,,,,
,19,,,,,,,,,,,
,19,,,,,,,,,,,
,18,,,,,,,,,,,
,11,,,,,,,,,,,
,19,,,,,,,,,,,
,10,,,,,,,,,,,
,1,,,,,,,,,,,
,13,,,,,,,,,,,
,2,,,,,,,,,,,
,16,,,,,,,,,,,
,0,,,,,,,,,,,
,12,,,,,,,,,,,
,16,,,,,,,,,,,
,10,,,,,,,,,,,
,14,,,,,,,,,,,
,6,,,,,,,,,,,
,18,,,,,,,,,,,
,2,,,,,,,,,,,
,14,,,,,,,,,,,
,10,,,,,,,,,,,
,10,,,,,,,,,,,
,5,,,,,,,,,,,
,15,,,,,,,,,,,
,10,,,,,,,,,,,
,1,,,,,,,,,,,
,12,,,,,,,,,,,
,6,,,,,,,,,,,
,15,,,,,,,,,,,
,5,,,,,,,,,,,
,9,,,,,,,,,,,
,16,,,,,,,,,,,
,12,,,,,,,,,,,
,4,,,,,,,,,,,
,4,,,,,,,,,,,
,13,,,,,,,,,,,
,5,,,,,,,,,,,
,0,,,,,,,,,,,
,11,,,,,,,,,,,
,6,,,,,,,,,,,
,8,,,,,,,,,,,
,19,,,,,,,,,,,
,11,,,,,,,,,,,
,9,,,,,,,,,,,
,16,,,,,,,,,,,
,13,,,,,,,,,,,
,15,,,,,,,,,,,
,0,,,,,,,,,,,
,1,,,,,,,,,,,
,0,,,,,,,,,,,
,7,,,,,,,,,,,
,5,,,,,,,,,,,
,15,,,,,,,,,,,
,15,,,,,,,,,,,
,10,,,,,,,,,,,
,16,,,,,,,,,,,
,11,,,,,,,,,,,
,13,,,,,,,,,,,
,14,,,,,,,,,,,
,5,,,,,,,,,,,
,2,,,,,,,,,,,
,5,,,,,,,,,,,
,6,,,,,,,,,,,
,11,,,,,,,,,,,
,8,,,,,,,,,,,
,5,,,,,,,,,,,
,16,,,,,,,,,,,
,1,,,,,,,,,,,
,4,,,,,,,,,,,
,15,,,,,,,,,,,
,2,,,,,,,,,,,
,7,,,,,,,,,,,
,14,,,,,,,,,,,
,6,,,,,,,,,,,
,3,,,,,,,,,,,
,15,,,,,,,,,,,
,5,,,,,,,,,,,
,6,,,,,,,,,,,
,16,,,,,,,,,,,
,18,,,,,,,,,,,
,18,,,,,,,,,,,
,5,,,,,,,,,,,
,17,,,,,,,,,,,
,15,,,,,,,,,,,
,16,,,,,,,,,,,
,2,,,,,,,,,,,
,3,,,,,,,,,,,
,2,,,,,,,,,,,
,13,,,,,,,,,,,
,13,,,,,,,,,,,
,6,,,,,,,,,,,
,3,,,,,,,,,,,
,15,,,,,,,,,,,
,0,,,,,,,,,,,
,16,,,,,,,,,,,
,5,,,,,,,,,,,
,1,,,,,,,,,,,
,9,,,,,,,,,,,
,19,,,,,,,,,,,
,13,,,,,,,,,,,
,12,,,,,,,,,,,
,11,,,,,,,,,,,
,11,,,,,,,,,,,
,9,,,,,,,,,,,
,8,,,,,,,,,,,
,15,,,,,,,,,,,
,17,,,,,,,,,,,
,14,,,,,,,,,,,
,8,,,,,,,,,,,
,16,,,,,,,,,,,
,2,,,,,,,,,,,
,13,,,,,,,,,,,
,4,,,,,,,,,,,
,19,,,,,,,,,,,
,7,,,,,,,,,,,
,18,,,,,,,,,,,
,5,,,,,,,,,,,
,4,,,,,,,,,,,
,3,,,,,,,,,,,
,9,,,,,,,,,,,
,19,,,,,,,,,,,
,4,,,,,,,,,,,
,0,,,,,,,,,,,
,1,,,,,,,,,,,
,4,,,,,,,,,,,
,15,,,,,,,,,,,
,1,,,,,,,,,,,
,9,,,,,,,,,,,
,4,,,,,,,,,,,
,11,,,,,,,,,,,
,10,,,,,,,,,,,
,1,,,,,,,,,,,
,6,,,,,,,,,,,
,10,,,,,,,,,,,
,12,,,,,,,,,,,
,3,,,,,,,,,,,
,14,,,,,,,,,,,
,18,,,,,,,,,,,
,4,,,,,,,,,,,
,18,,,,,,,,,,,
,1,,,,,,,,,,,
,4,,,,,,,,,,,
,0,,,,,,,,,,,
,0,,,,,,,,,,,
,16,,,,,,,,,,,
,19,,,,,,,,,,,
,2,,,,,,,,,,,
,14,,,,,,,,,,,
,1,,,,,,,,,,,
,11,,,,,,,,,,,
,2,,,,,,,,,,,
,12,,,,,,,,,,,
,12,,,,,,,,,,,
,9,,,,,,,,,,,
,6,,,,,,,,,,,
,5,,,,,,,,,,,
,19,,,,,,,,,,,
,10,,,,,,,,,,,
,15,,,,,,,,,,,
,18,,,,,,,,,,,
,6,,,,,,,,,,,
,14,,,,,,,,,,,
,17,,,,,,,,,,,
,8,,,,,,,,,,,
,19,,,,,,,,,,,
,8,,,,,,,,,,,
,4,,,,,,,,,,,
,16,,,,,,,,,,,
,10,,,,,,,,,,,
,8,,,,,,,,,,,
,8,,,,,,,,,,,
,12,,,,,,,,,,,
,16,,,,,,,,,,,
,9,,,,,,,,,,,
,10,,,,,,,,,,,
,1,,,,,,,,,,,
,4,,,,,,,,,,,
,9,,,,,,,,,,,
,7,,,,,,,,,,,
,15,,,,,,,,,,,
,10,,,,,,,,,,,
,7,,,,,,,,,,,
,16,,,,,,,,,,,
,19,,,,,,,,,,,
,14,,,,,,,,,,,
,11,,,,,,,,,,,
,19,,,,,,,,,,,
,17,,,,,,,,,,,
2013,18,,,,,,,,,,,
,16,,,,,,,,,,,
,0,,,,,,,,,,,
,5,,,,,,,,,,,
,2,,,,,,,,,,,
,5,,,,,,,,,,,
,3,,,,,,,,,,,
,5,,,,,,,,,,,
,16,,,,,,,,,,,
,5,,,,,,,,,,,
,13,,,,,,,,,,,
,12,,,,,,,,,,,
,14,,,,,,,,,,,
,4,,,,,,,,,,,
,15,,,,,,,,,,,
,8,,,,,,,,,,,
,8,,,,,,,,,,,
,9,,,,,,,,,,,
,3,,,,,,,,,,,
,9,,,,,,,,,,,
,6,,,,,,,,,,,
,0,,,,,,,,,,,
,10,,,,,,,,,,,
,12,,,,,,,,,,,
,3,,,,,,,,,,,
,2,,,,,,,,,,,
,6,,,,,,,,,,,
,14,,,,,,,,,,,
,16,,,,,,,,,,,
,10,,,,,,,,,,,
,6,,,,,,,,,,,
,11,,,,,,,,,,,
,9,,,,,,,,,,,
,12,,,,,,,,,,,
,5,,,,,,,,,,,
,15,,,,,,,,,,,
,7,,,,,,,,,,,
,14,,,,,,,,,,,
,4,,,,,,,,,,,
,8,,,,,,,,,,,
,12,,,,,,,,,,,
,20,,,,,,,,,,,
,4,,,,,,,,,,,
,16,,,,,,,,,,,
,18,,,,,,,,,,,
,17,,,,,,,,,,,
,3,,,,,,,,,,,
,16,,,,,,,,,,,
,4,,,,,,,,,,,
,4,,,,,,,,,,,
,20,,,,,,,,,,,
,3,,,,,,,,,,,
,13,,,,,,,,,,,
,9,,,,,,,,,,,
,3,,,,,,,,,,,
,7,,,,,,,,,,,
,9,,,,,,,,,,,
,8,,,,,,,,,,,
,3,,,,,,,,,,,
,20,,,,,,,,,,,
,19,,,,,,,,,,,
,12,,,,,,,,,,,
,12,,,,,,,,,,,
,4,,,,,,,,,,,
,17,,,,,,,,,,,
,15,,,,,,,,,,,
,18,,,,,,,,,,,
,6,,,,,,,,,,,
,7,,,,,,,,,,,
,5,,,,,,,,,,,
,20,,,,,,,,,,,
,3,,,,,,,,,,,
,15,,,,,,,,,,,
,19,,,,,,,,,,,
,8,,,,,,,,,,,
,1,,,,,,,,,,,
,16,,,,,,,,,,,
,0,,,,,,,,,,,
,10,,,,,,,,,,,
,2,,,,,,,,,,,
,6,,,,,,,,,,,
,7,,,,,,,,,,,
,6,,,,,,,,,,,
,13,,,,,,,,,,,
,6,,,,,,,,,,,
,13,,,,,,,,,,,
,5,,,,,,,,,,,
,14,,,,,,,,,,,
,6,,,,,,,,,,,
,17,,,,,,,,,,,
,8,,,,,,,,,,,
,5,,,,,,,,,,,
,19,,,,,,,,,,,
,9,,,,,,,,,,,
,14,,,,,,,,,,,
,20,,,,,,,,,,,
,14,,,,,,,,,,,
,8,,,,,,,,,,,
,6,,,,,,,,,,,
,14,,,,,,,,,,,
,11,,,,,,,,,,,
,17,,,,,,,,,,,
,1,,,,,,,,,,,
,0,,,,,,,,,,,
,13,,,,,,,,,,,
,8,,,,,,,,,,,
,5,,,,,,,,,,,
,8,,,,,,,,,,,
,11,,,,,,,,,,,
,15,,,,,,,,,,,
,18,,,,,,,,,,,
,9,,,,,,,,,,,
,1,,,,,,,,,,,
,6,,,,,,,,,,,
,17,,,,,,,,,,,
,1,,,,,,,,,,,
,14,,,,,,,,,,,
,14,,,,,,,,,,,
,4,,,,,,,,,,,
,12,,,,,,,,,,,
,10,,,,,,,,,,,
,17,,,,,,,,,,,
,20,,,,,,,,,,,
,4,,,,,,,,,,,
,20,,,,,,,,,,,
,4,,,,,,,,,,,
,4,,,,,,,,,,,
,11,,,,,,,,,,,
,16,,,,,,,,,,,
,7,,,,,,,,,,,
,8,,,,,,,,,,,
,19,,,,,,,,,,,
,5,,,,,,,,,,,
,8,,,,,,,,,,,
,16,,,,,,,,,,,
,8,,,,,,,,,,,
,16,,,,,,,,,,,
,1,,,,,,,,,,,
,10,,,,,,,,,,,
,10,,,,,,,,,,,
,1,,,,,,,,,,,
,4,,,,,,,,,,,
,19,,,,,,,,,,,
,13,,,,,,,,,,,
,10,,,,,,,,,,,
,5,,,,,,,,,,,
,12,,,,,,,,,,,
,6,,,,,,,,,,,
,11,,,,,,,,,,,
,8,,,,,,,,,,,
,16,,,,,,,,,,,
,13,,,,,,,,,,,
,18,,,,,,,,,,,
,2,,,,,,,,,,,
,1,,,,,,,,,,,
,13,,,,,,,,,,,
,16,,,,,,,,,,,
,14,,,,,,,,,,,
,19,,,,,,,,,,,
,6,,,,,,,,,,,
,17,,,,,,,,,,,
,18,,,,,,,,,,,
,5,,,,,,,,,,,
,11,,,,,,,,,,,
,8,,,,,,,,,,,
,17,,,,,,,,,,,
,13,,,,,,,,,,,
,8,,,,,,,,,,,
,14,,,,,,,,,,,
,9,,,,,,,,,,,
,13,,,,,,,,,,,
,20,,,,,,,,,,,
,16,,,,,,,,,,,
,13,,,,,,,,,,,
,17,,,,,,,,,,,
,5,,,,,,,,,,,
,15,,,,,,,,,,,
,14,,,,,,,,,,,
,2,,,,,,,,,,,
,18,,,,,,,,,,,
,2,,,,,,,,,,,
,9,,,,,,,,,,,
,20,,,,,,,,,,,
,7,,,,,,,,,,,
,9,,,,,,,,,,,
,8,,,,,,,,,,,
,19,,,,,,,,,,,
,3,,,,,,,,,,,
,17,,,,,,,,,,,
,4,,,,,,,,,,,
,14,,,,,,,,,,,
,1,,,,,,,,,,,
,6,,,,,,,,,,,
,13,,,,,,,,,,,
,8,,,,,,,,,,,
,16,,,,,,,,,,,
,6,,,,,,,,,,,
,18,,,,,,,,,,,
,10,,,,,,,,,,,
,17,,,,,,,,,,,
,8,,,,,,,,,,,
,19,,,,,,,,,,,
,20,,,,,,,,,,,
,19,,,,,,,,,,,
,19,,,,,,,,,,,
,12,,,,,,,,,,,
,6,,,,,,,,,,,
,18,,,,,,,,,,,
,9,,,,,,,,,,,
,19,,,,,,,,,,,
,6,,,,,,,,,,,
,5,,,,,,,,,,,
,15,,,,,,,,,,,
,0,,,,,,,,,,,
,17,,,,,,,,,,,
,10,,,,,,,,,,,
,9,,,,,,,,,,,
,9,,,,,,,,,,,
,8,,,,,,,,,,,
,5,,,,,,,,,,,
,14,,,,,,,,,,,
,3,,,,,,,,,,,
,13,,,,,,,,,,,
,14,,,,,,,,,,,
,11,,,,,,,,,,,
,11,,,,,,,,,,,
,1,,,,,,,,,,,
,20,,,,,,,,,,,
,3,,,,,,,,,,,
,10,,,,,,,,,,,
,10,,,,,,,,,,,
,16,,,,,,,,,,,
,17,,,,,,,,,,,
,10,,,,,,,,,,,
,14,,,,,,,,,,,
,18,,,,,,,,,,,
,19,,,,,,,,,,,
,6,,,,,,,,,,,
,4,,,,,,,,,,,
,8,,,,,,,,,,,
,17,,,,,,,,,,,
,13,,,,,,,,,,,
,17,,,,,,,,,,,
,5,,,,,,,,,,,
,6,,,,,,,,,,,
,8,,,,,,,,,,,
,20,,,,,,,,,,,
,19,,,,,,,,,,,
,10,,,,,,,,,,,
,7,,,,,,,,,,,
,7,,,,,,,,,,,
,11,,,,,,,,,,,
,11,,,,,,,,,,,
,15,,,,,,,,,,,
,2,,,,,,,,,,,
,20,,,,,,,,,,,
,1,,,,,,,,,,,
,18,,,,,,,,,,,
,7,,,,,,,,,,,
,16,,,,,,,,,,,
,14,,,,,,,,,,,
,20,,,,,,,,,,,
,19,,,,,,,,,,,
,15,,,,,,,,,,,
,9,,,,,,,,,,,
,4,,,,,,,,,,,
,1,,,,,,,,,,,
,9,,,,,,,,,,,
,7,,,,,,,,,,,
,17,,,,,,,,,,,
,18,,,,,,,,,,,
,12,,,,,,,,,,,
,1,,,,,,,,,,,
,2,,,,,,,,,,,
,1,,,,,,,,,,,
,6,,,,,,,,,,,
,17,,,,,,,,,,,
,5,,,,,,,,,,,
,0,,,,,,,,,,,
,17,,,,,,,,,,,
,9,,,,,,,,,,,
,17,,,,,,,,,,,
,10,,,,,,,,,,,
,10,,,,,,,,,,,
,3,,,,,,,,,,,
,4,,,,,,,,,,,
,0,,,,,,,,,,,
,7,,,,,,,,,,,
,9,,,,,,,,,,,
,19,,,,,,,,,,,
,6,,,,,,,,,,,
,16,,,,,,,,,,,
,17,,,,,,,,,,,
,2,,,,,,,,,,,
,12,,,,,,,,,,,
,5,,,,,,,,,,,
,17,,,,,,,,,,,
,9,,,,,,,,,,,
,5,,,,,,,,,,,
,8,,,,,,,,,,,
,5,,,,,,,,,,,
,6,,,,,,,,,,,
,1,,,,,,,,,,,
,1,,,,,,,,,,,
,1,,,,,,,,,,,
,5,,,,,,,,,,,
,0,,,,,,,,,,,
,1,,,,,,,,,,,
,6,,,,,,,,,,,
,13,,,,,,,,,,,
,4,,,,,,,,,,,
,18,,,,,,,,,,,
,10,,,,,,,,,,,
,11,,,,,,,,,,,
,11,,,,,,,,,,,
,2,,,,,,,,,,,
,15,,,,,,,,,,,
,6,,,,,,,,,,,
,5,,,,,,,,,,,
,13,,,,,,,,,,,
,5,,,,,,,,,,,
,10,,,,,,,,,,,
,9,,,,,,,,,,,
,13,,,,,,,,,,,
,2,,,,,,,,,,,
,20,,,,,,,,,,,
,16,,,,,,,,,,,
,19,,,,,,,,,,,
,19,,,,,,,,,,,
,1,,,,,,,,,,,
,0,,,,,,,,,,,
,17,,,,,,,,,,,
,6,,,,,,,,,,,
,19,,,,,,,,,,,
,14,,,,,,,,,,,
,15,,,,,,,,,,,
,14,,,,,,,,,,,
,20,,,,,,,,,,,
,19,,,,,,,,,,,
,7,,,,,,,,,,,
,4,,,,,,,,,,,
,11,,,,,,,,,,,
,19,,,,,,,,,,,
,12,,,,,,,,,,,
,10,,,,,,,,,,,
,3,,,,,,,,,,,
,18,,,,,,,,,,,
,17,,,,,,,,,,,
,12,,,,,,,,,,,
,14,,,,,,,,,,,
,6,,,,,,,,,,,
,6,,,,,,,,,,,
,4,,,,,,,,,,,
,4,,,,,,,,,,,
,15,,,,,,,,,,,
,0,,,,,,,,,,,
,7,,,,,,,,,,,
,12,,,,,,,,,,,
,10,,,,,,,,,,,
,11,,,,,,,,,,,
,1,,,,,,,,,,,
,6,,,,,,,,,,,
,5,,,,,,,,,,,
,3,,,,,,,,,,,
,14,,,,,,,,,,,
2014,14,,,,,,,,,,,
,7,,,,,,,,,,,
,17,,,,,,,,,,,
,21,,,,,,,,,,,
,19,,,,,,,,,,,
,20,,,,,,,,,,,
,10,,,,,,,,,,,
,21,,,,,,,,,,,
,14,,,,,,,,,,,
,4,,,,,,,,,,,
,1,,,,,,,,,,,
,20,,,,,,,,,,,
,10,,,,,,,,,,,
,7,,,,,,,,,,,
,2,,,,,,,,,,,
,10,,,,,,,,,,,
,20,,,,,,,,,,,
,4,,,,,,,,,,,
,18,,,,,,,,,,,
,14,,,,,,,,,,,
,19,,,,,,,,,,,
,5,,,,,,,,,,,
,19,,,,,,,,,,,
,4,,,,,,,,,,,
,19,,,,,,,,,,,
,14,,,,,,,,,,,
,13,,,,,,,,,,,
,13,,,,,,,,,,,
,15,,,,,,,,,,,
,5,,,,,,,,,,,
,9,,,,,,,,,,,
,0,,,,,,,,,,,
,15,,,,,,,,,,,
,10,,,,,,,,,,,
,13,,,,,,,,,,,
,2,,,,,,,,,,,
,10,,,,,,,,,,,
,21,,,,,,,,,,,
,7,,,,,,,,,,,
,2,,,,,,,,,,,
,2,,,,,,,,,,,
,13,,,,,,,,,,,
,6,,,,,,,,,,,
,2,,,,,,,,,,,
,9,,,,,,,,,,,
,0,,,,,,,,,,,
,14,,,,,,,,,,,
,10,,,,,,,,,,,
,16,,,,,,,,,,,
,12,,,,,,,,,,,
,9,,,,,,,,,,,
,0,,,,,,,,,,,
,20,,,,,,,,,,,
,16,,,,,,,,,,,
,12,,,,,,,,,,,
,5,,,,,,,,,,,
,0,,,,,,,,,,,
,19,,,,,,,,,,,
,19,,,,,,,,,,,
,21,,,,,,,,,,,
,0,,,,,,,,,,,
,3,,,,,,,,,,,
,5,,,,,,,,,,,
,13,,,,,,,,,,,
,21,,,,,,,,,,,
,6,,,,,,,,,,,
,8,,,,,,,,,,,
,12,,,,,,,,,,,
,19,,,,,,,,,,,
,11,,,,,,,,,,,
,0,,,,,,,,,,,
,2,,,,,,,,,,,
,1,,,,,,,,,,,
,0,,,,,,,,,,,
,11,,,,,,,,,,,
,3,,,,,,,,,,,
,11,,,,,,,,,,,
,7,,,,,,,,,,,
,5,,,,,,,,,,,
,6,,,,,,,,,,,
,7,,,,,,,,,,,
,18,,,,,,,,,,,
,0,,,,,,,,,,,
,6,,,,,,,,,,,
,18,,,,,,,,,,,
,19,,,,,,,,,,,
,7,,,,,,,,,,,
,15,,,,,,,,,,,
,18,,,,,,,,,,,
,18,,,,,,,,,,,
,5,,,,,,,,,,,
,0,,,,,,,,,,,
,21,,,,,,,,,,,
,12,,,,,,,,,,,
,21,,,,,,,,,,,
,8,,,,,,,,,,,
,17,,,,,,,,,,,
,14,,,,,,,,,,,
,10,,,,,,,,,,,
,10,,,,,,,,,,,
,20,,,,,,,,,,,
,2,,,,,,,,,,,
,6,,,,,,,,,,,
,7,,,,,,,,,,,
,21,,,,,,,,,,,
,3,,,,,,,,,,,
,20,,,,,,,,,,,
,10,,,,,,,,,,,
,10,,,,,,,,,,,
,1,,,,,,,,,,,
,3,,,,,,,,,,,
,19,,,,,,,,,,,
,15,,,,,,,,,,,
,17,,,,,,,,,,,
,0,,,,,,,,,,,
,11,,,,,,,,,,,
,11,,,,,,,,,,,
,21,,,,,,,,,,,
,18,,,,,,,,,,,
,15,,,,,,,,,,,
,17,,,,,,,,,,,
,9,,,,,,,,,,,
,4,,,,,,,,,,,
,20,,,,,,,,,,,
,8,,,,,,,,,,,
,0,,,,,,,,,,,
,3,,,,,,,,,,,
,14,,,,,,,,,,,
,4,,,,,,,,,,,
,19,,,,,,,,,,,
,16,,,,,,,,,,,
,5,,,,,,,,,,,
,10,,,,,,,,,,,
,3,,,,,,,,,,,
,13,,,,,,,,,,,
,0,,,,,,,,,,,
,12,,,,,,,,,,,
,1,,,,,,,,,,,
,21,,,,,,,,,,,
,5,,,,,,,,,,,
,11,,,,,,,,,,,
,21,,,,,,,,,,,
,10,,,,,,,,,,,
,18,,,,,,,,,,,
,17,,,,,,,,,,,
,10,,,,,,,,,,,
,18,,,,,,,,,,,
,13,,,,,,,,,,,
,2,,,,,,,,,,,
,19,,,,,,,,,,,
,17,,,,,,,,,,,
,1,,,,,,,,,,,
,2,,,,,,,,,,,
,8,,,,,,,,,,,
,15,,,,,,,,,,,
,18,,,,,,,,,,,
,0,,,,,,,,,,,
,3,,,,,,,,,,,
,11,,,,,,,,,,,
,4,,,,,,,,,,,
,17,,,,,,,,,,,
,9,,,,,,,,,,,
,19,,,,,,,,,,,
,18,,,,,,,,,,,
,18,,,,,,,,,,,
,4,,,,,,,,,,,
,20,,,,,,,,,,,
,21,,,,,,,,,,,
,6,,,,,,,,,,,
,21,,,,,,,,,,,
,7,,,,,,,,,,,
,9,,,,,,,,,,,
,20,,,,,,,,,,,
,2,,,,,,,,,,,
,19,,,,,,,,,,,
,9,,,,,,,,,,,
,6,,,,,,,,,,,
,14,,,,,,,,,,,
,0,,,,,,,,,,,
,9,,,,,,,,,,,
,1,,,,,,,,,,,
,20,,,,,,,,,,,
,19,,,,,,,,,,,
,14,,,,,,,,,,,
,12,,,,,,,,,,,
,16,,,,,,,,,,,
,20,,,,,,,,,,,
,13,,,,,,,,,,,
,1,,,,,,,,,,,
,11,,,,,,,,,,,
,9,,,,,,,,,,,
,11,,,,,,,,,,,
,18,,,,,,,,,,,
,12,,,,,,,,,,,
,10,,,,,,,,,,,
,13,,,,,,,,,,,
,9,,,,,,,,,,,
,17,,,,,,,,,,,
,9,,,,,,,,,,,
,10,,,,,,,,,,,
,5,,,,,,,,,,,
,0,,,,,,,,,,,
,21,,,,,,,,,,,
,16,,,,,,,,,,,
,9,,,,,,,,,,,
,17,,,,,,,,,,,
,11,,,,,,,,,,,
,2,,,,,,,,,,,
,18,,,,,,,,,,,
,19,,,,,,,,,,,
,21,,,,,,,,,,,
,11,,,,,,,,,,,
,9,,,,,,,,,,,
,21,,,,,,,,,,,
,7,,,,,,,,,,,
,12,,,,,,,,,,,
,14,,,,,,,,,,,
,10,,,,,,,,,,,
,8,,,,,,,,,,,
,19,,,,,,,,,,,
,13,,,,,,,,,,,
,16,,,,,,,,,,,
,21,,,,,,,,,,,
,19,,,,,,,,,,,
,10,,,,,,,,,,,
,3,,,,,,,,,,,
,20,,,,,,,,,,,
,21,,,,,,,,,,,
,5,,,,,,,,,,,
,11,,,,,,,,,,,
,9,,,,,,,,,,,
,21,,,,,,,,,,,
,8,,,,,,,,,,,
,10,,,,,,,,,,,
,20,,,,,,,,,,,
,15,,,,,,,,,,,
,18,,,,,,,,,,,
,7,,,,,,,,,,,
,10,,,,,,,,,,,
,12,,,,,,,,,,,
,20,,,,,,,,,,,
,7,,,,,,,,,,,
,7,,,,,,,,,,,
,2,,,,,,,,,,,
,7,,,,,,,,,,,
,11,,,,,,,,,,,
,17,,,,,,,,,,,
,10,,,,,,,,,,,
,2,,,,,,,,,,,
,13,,,,,,,,,,,
,5,,,,,,,,,,,
,0,,,,,,,,,,,
,16,,,,,,,,,,,
,11,,,,,,,,,,,
,8,,,,,,,,,,,
,5,,,,,,,,,,,
,5,,,,,,,,,,,
,13,,,,,,,,,,,
,21,,,,,,,,,,,
,7,,,,,,,,,,,
,12,,,,,,,,,,,
,18,,,,,,,,,,,
,7,,,,,,,,,,,
,12,,,,,,,,,,,
,17,,,,,,,,,,,
,12,,,,,,,,,,,
,12,,,,,,,,,,,
,0,,,,,,,,,,,
,12,,,,,,,,,,,
,8,,,,,,,,,,,
,7,,,,,,,,,,,
,11,,,,,,,,,,,
,8,,,,,,,,,,,
,18,,,,,,,,,,,
,7,,,,,,,,,,,
,9,,,,,,,,,,,
,0,,,,,,,,,,,
,3,,,,,,,,,,,
,7,,,,,,,,,,,
,9,,,,,,,,,,,
,3,,,,,,,,,,,
,5,,,,,,,,,,,
,9,,,,,,,,,,,
,21,,,,,,,,,,,
,14,,,,,,,,,,,
,2,,,,,,,,,,,
,10,,,,,,,,,,,
,1,,,,,,,,,,,
,10,,,,,,,,,,,
,8,,,,,,,,,,,
,13,,,,,,,,,,,
,17,,,,,,,,,,,
,15,,,,,,,,,,,
,3,,,,,,,,,,,
,17,,,,,,,,,,,
,2,,,,,,,,,,,
,1,,,,,,,,,,,
,14,,,,,,,,,,,
,20,,,,,,,,,,,
,12,,,,,,,,,,,
,0,,,,,,,,,,,
,19,,,,,,,,,,,
,9,,,,,,,,,,,
,3,,,,,,,,,,,
,5,,,,,,,,,,,
,17,,,,,,,,,,,
,6,,,,,,,,,,,
,0,,,,,,,,,,,
,6,,,,,,,,,,,
,12,,,,,,,,,,,
,9,,,,,,,,,,,
,20,,,,,,,,,,,
,12,,,,,,,,,,,
,11,,,,,,,,,,,
,15,,,,,,,,,,,
,21,,,,,,,,,,,
,8,,,,,,,,,,,
,14,,,,,,,,,,,
,6,,,,,,,,,,,
,17,,,,,,,,,,,
,15,,,,,,,,,,,
,1,,,,,,,,,,,
,20,,,,,,,,,,,
,11,,,,,,,,,,,
,18,,,,,,,,,,,
,14,,,,,,,,,,,
,14,,,,,,,,,,,
,12,,,,,,,,,,,
,1,,,,,,,,,,,
,2,,,,,,,,,,,
,4,,,,,,,,,,,
,11,,,,,,,,,,,
,6,,,,,,,,,,,
,17,,,,,,,,,,,
,13,,,,,,,,,,,
,14,,,,,,,,,,,
,11,,,,,,,,,,,
,15,,,,,,,,,,,
,15,,,,,,,,,,,
,0,,,,,,,,,,,
,7,,,,,,,,,,,
,0,,,,,,,,,,,
,5,,,,,,,,,,,
,3,,,,,,,,,,,
,0,,,,,,,,,,,
,1,,,,,,,,,,,
,9,,,,,,,,,,,
,10,,,,,,,,,,,
,4,,,,,,,,,,,
,15,,,,,,,,,,,
,13,,,,,,,,,,,
,13,,,,,,,,,,,
,19,,,,,,,,,,,
,10,,,,,,,,,,,
,15,,,,,,,,,,,
,20,,,,,,,,,,,
,11,,,,,,,,,,,
,15,,,,,,,,,,,
,0,,,,,,,,,,,
,20,,,,,,,,,,,
,19,,,,,,,,,,,
,19,,,,,,,,,,,
,18,,,,,,,,,,,
,5,,,,,,,,,,,
,9,,,,,,,,,,,
2015,7,,,,,,,,,,,
,18,,,,,,,,,,,
,21,,,,,,,,,,,
,5,,,,,,,,,,,
,0,,,,,,,,,,,
,3,,,,,,,,,,,
,3,,,,,,,,,,,
,11,,,,,,,,,,,
,2,,,,,,,,,,,
,22,,,,,,,,,,,
,19,,,,,,,,,,,
,21,,,,,,,,,,,
,11,,,,,,,,,,,
,2,,,,,,,,,,,
,1,,,,,,,,,,,
,1,,,,,,,,,,,
,1,,,,,,,,,,,
,6,,,,,,,,,,,
,15,,,,,,,,,,,
,7,,,,,,,,,,,
,1,,,,,,,,,,,
,17,,,,,,,,,,,
,1,,,,,,,,,,,
,7,,,,,,,,,,,
,14,,,,,,,,,,,
,11,,,,,,,,,,,
,9,,,,,,,,,,,
,19,,,,,,,,,,,
,19,,,,,,,,,,,
,2,,,,,,,,,,,
,1,,,,,,,,,,,
,9,,,,,,,,,,,
,1,,,,,,,,,,,
,8,,,,,,,,,,,
,9,,,,,,,,,,,
,22,,,,,,,,,,,
,3,,,,,,,,,,,
,0,,,,,,,,,,,
,9,,,,,,,,,,,
,2,,,,,,,,,,,
,19,,,,,,,,,,,
,0,,,,,,,,,,,
,4,,,,,,,,,,,
,13,,,,,,,,,,,
,19,,,,,,,,,,,
,3,,,,,,,,,,,
,14,,,,,,,,,,,
,20,,,,,,,,,,,
,20,,,,,,,,,,,
,13,,,,,,,,,,,
,19,,,,,,,,,,,
,1,,,,,,,,,,,
,10,,,,,,,,,,,
,16,,,,,,,,,,,
,6,,,,,,,,,,,
,0,,,,,,,,,,,
,8,,,,,,,,,,,
,10,,,,,,,,,,,
,12,,,,,,,,,,,
,21,,,,,,,,,,,
,15,,,,,,,,,,,
,2,,,,,,,,,,,
,16,,,,,,,,,,,
,15,,,,,,,,,,,
,0,,,,,,,,,,,
,7,,,,,,,,,,,
,14,,,,,,,,,,,
,17,,,,,,,,,,,
,22,,,,,,,,,,,
,1,,,,,,,,,,,
,5,,,,,,,,,,,
,2,,,,,,,,,,,
,14,,,,,,,,,,,
,17,,,,,,,,,,,
,10,,,,,,,,,,,
,8,,,,,,,,,,,
,0,,,,,,,,,,,
,2,,,,,,,,,,,
,7,,,,,,,,,,,
,16,,,,,,,,,,,
,16,,,,,,,,,,,
,12,,,,,,,,,,,
,4,,,,,,,,,,,
,9,,,,,,,,,,,
,19,,,,,,,,,,,
,6,,,,,,,,,,,
,17,,,,,,,,,,,
,12,,,,,,,,,,,
,15,,,,,,,,,,,
,7,,,,,,,,,,,
,15,,,,,,,,,,,
,17,,,,,,,,,,,
,1,,,,,,,,,,,
,17,,,,,,,,,,,
,19,,,,,,,,,,,
,15,,,,,,,,,,,
,6,,,,,,,,,,,
,3,,,,,,,,,,,
,5,,,,,,,,,,,
,19,,,,,,,,,,,
,16,,,,,,,,,,,
,5,,,,,,,,,,,
,6,,,,,,,,,,,
,15,,,,,,,,,,,
,0,,,,,,,,,,,
,7,,,,,,,,,,,
,6,,,,,,,,,,,
,19,,,,,,,,,,,
,20,,,,,,,,,,,
,18,,,,,,,,,,,
,2,,,,,,,,,,,
,11,,,,,,,,,,,
,6,,,,,,,,,,,
,12,,,,,,,,,,,
,2,,,,,,,,,,,
,20,,,,,,,,,,,
,14,,,,,,,,,,,
,17,,,,,,,,,,,
,0,,,,,,,,,,,
,22,,,,,,,,,,,
,0,,,,,,,,,,,
,20,,,,,,,,,,,
,16,,,,,,,,,,,
,16,,,,,,,,,,,
,16,,,,,,,,,,,
,19,,,,,,,,,,,
,0,,,,,,,,,,,
,12,,,,,,,,,,,
,21,,,,,,,,,,,
,16,,,,,,,,,,,
,5,,,,,,,,,,,
,21,,,,,,,,,,,
,10,,,,,,,,,,,
,17,,,,,,,,,,,
,5,,,,,,,,,,,
,22,,,,,,,,,,,
,19,,,,,,,,,,,
,8,,,,,,,,,,,
,0,,,,,,,,,,,
,1,,,,,,,,,,,
,11,,,,,,,,,,,
,20,,,,,,,,,,,
,14,,,,,,,,,,,
,20,,,,,,,,,,,
,6,,,,,,,,,,,
,3,,,,,,,,,,,
,8,,,,,,,,,,,
,9,,,,,,,,,,,
,17,,,,,,,,,,,
,15,,,,,,,,,,,
,5,,,,,,,,,,,
,3,,,,,,,,,,,
,21,,,,,,,,,,,
,13,,,,,,,,,,,
,21,,,,,,,,,,,
,16,,,,,,,,,,,
,13,,,,,,,,,,,
,9,,,,,,,,,,,
,18,,,,,,,,,,,
,5,,,,,,,,,,,
,8,,,,,,,,,,,
,17,,,,,,,,,,,
,5,,,,,,,,,,,
,7,,,,,,,,,,,
,4,,,,,,,,,,,
,22,,,,,,,,,,,
,3,,,,,,,,,,,
,19,,,,,,,,,,,
,9,,,,,,,,,,,
,17,,,,,,,,,,,
,12,,,,,,,,,,,
,11,,,,,,,,,,,
,3,,,,,,,,,,,
,6,,,,,,,,,,,
,20,,,,,,,,,,,
,14,,,,,,,,,,,
,22,,,,,,,,,,,
,17,,,,,,,,,,,
,5,,,,,,,,,,,
,4,,,,,,,,,,,
,17,,,,,,,,,,,
,14,,,,,,,,,,,
,4,,,,,,,,,,,
,0,,,,,,,,,,,
,9,,,,,,,,,,,
,12,,,,,,,,,,,
,8,,,,,,,,,,,
,14,,,,,,,,,,,
,13,,,,,,,,,,,
,15,,,,,,,,,,,
,10,,,,,,,,,,,
,2,,,,,,,,,,,
,21,,,,,,,,,,,
,5,,,,,,,,,,,
,14,,,,,,,,,,,
,6,,,,,,,,,,,
,11,,,,,,,,,,,
,13,,,,,,,,,,,
,11,,,,,,,,,,,
,9,,,,,,,,,,,
,19,,,,,,,,,,,
,8,,,,,,,,,,,
,3,,,,,,,,,,,
,8,,,,,,,,,,,
,2,,,,,,,,,,,
,2,,,,,,,,,,,
,8,,,,,,,,,,,
,9,,,,,,,,,,,
,13,,,,,,,,,,,
,17,,,,,,,,,,,
,3,,,,,,,,,,,
,17,,,,,,,,,,,
,1,,,,,,,,,,,
,20,,,,,,,,,,,
,11,,,,,,,,,,,
,20,,,,,,,,,,,
,16,,,,,,,,,,,
,17,,,,,,,,,,,
,19,,,,,,,,,,,
,15,,,,,,,,,,,
,16,,,,,,,,,,,
,9,,,,,,,,,,,
,14,,,,,,,,,,,
,18,,,,,,,,,,,
,3,,,,,,,,,,,
,6,,,,,,,,,,,
,19,,,,,,,,,,,
,21,,,,,,,,,,,
,0,,,,,,,,,,,
,22,,,,,,,,,,,
,17,,,,,,,,,,,
,20,,,,,,,,,,,
,1,,,,,,,,,,,
,22,,,,,,,,,,,
,19,,,,,,,,,,,
,16,,,,,,,,,,,
,5,,,,,,,,,,,
,11,,,,,,,,,,,
,11,,,,,,,,,,,
,1,,,,,,,,,,,
,9,,,,,,,,,,,
,9,,,,,,,,,,,
,9,,,,,,,,,,,
,21,,,,,,,,,,,
,21,,,,,,,,,,,
,5,,,,,,,,,,,
,10,,,,,,,,,,,
,3,,,,,,,,,,,
,5,,,,,,,,,,,
,6,,,,,,,,,,,
,13,,,,,,,,,,,
,17,,,,,,,,,,,
,9,,,,,,,,,,,
,10,,,,,,,,,,,
,7,,,,,,,,,,,
,2,,,,,,,,,,,
,15,,,,,,,,,,,
,10,,,,,,,,,,,
,5,,,,,,,,,,,
,5,,,,,,,,,,,
,12,,,,,,,,,,,
,15,,,,,,,,,,,
,22,,,,,,,,,,,
,6,,,,,,,,,,,
,8,,,,,,,,,,,
,8,,,,,,,,,,,
,6,,,,,,,,,,,
,6,,,,,,,,,,,
,19,,,,,,,,,,,
,11,,,,,,,,,,,
,19,,,,,,,,,,,
,9,,,,,,,,,,,
,17,,,,,,,,,,,
,15,,,,,,,,,,,
,20,,,,,,,,,,,
,18,,,,,,,,,,,
,21,,,,,,,,,,,
,13,,,,,,,,,,,
,17,,,,,,,,,,,
,5,,,,,,,,,,,
,0,,,,,,,,,,,
,3,,,,,,,,,,,
,20,,,,,,,,,,,
,22,,,,,,,,,,,
,17,,,,,,,,,,,
,0,,,,,,,,,,,
,15,,,,,,,,,,,
,20,,,,,,,,,,,
,0,,,,,,,,,,,
,18,,,,,,,,,,,
,20,,,,,,,,,,,
,5,,,,,,,,,,,
,6,,,,,,,,,,,
,21,,,,,,,,,,,
,2,,,,,,,,,,,
,5,,,,,,,,,,,
,16,,,,,,,,,,,
,20,,,,,,,,,,,
,6,,,,,,,,,,,
,13,,,,,,,,,,,
,4,,,,,,,,,,,
,10,,,,,,,,,,,
,21,,,,,,,,,,,
,0,,,,,,,,,,,
,14,,,,,,,,,,,
,21,,,,,,,,,,,
,17,,,,,,,,,,,
,2,,,,,,,,,,,
,15,,,,,,,,,,,
,10,,,,,,,,,,,
,1,,,,,,,,,,,
,15,,,,,,,,,,,
,20,,,,,,,,,,,
,16,,,,,,,,,,,
,22,,,,,,,,,,,
,3,,,,,,,,,,,
,13,,,,,,,,,,,
,10,,,,,,,,,,,
,12,,,,,,,,,,,
,18,,,,,,,,,,,
,7,,,,,,,,,,,
,20,,,,,,,,,,,
,9,,,,,,,,,,,
,13,,,,,,,,,,,
,14,,,,,,,,,,,
,2,,,,,,,,,,,
,5,,,,,,,,,,,
,11,,,,,,,,,,,
,4,,,,,,,,,,,
,18,,,,,,,,,,,
,8,,,,,,,,,,,
,2,,,,,,,,,,,
,12,,,,,,,,,,,
,13,,,,,,,,,,,
,6,,,,,,,,,,,
,13,,,,,,,,,,,
,15,,,,,,,,,,,
,2,,,,,,,,,,,
,18,,,,,,,,,,,
,4,,,,,,,,,,,
,8,,,,,,,,,,,
,20,,,,,,,,,,,
,10,,,,,,,,,,,
,20,,,,,,,,,,,
,5,,,,,,,,,,,
,5,,,,,,,,,,,
,2,,,,,,,,,,,
,22,,,,,,,,,,,
,12,,,,,,,,,,,
,12,,,,,,,,,,,
,12,,,,,,,,,,,
,21,,,,,,,,,,,
,21,,,,,,,,,,,
,19,,,,,,,,,,,
,22,,,,,,,,,,,
,21,,,,,,,,,,,
,12,,,,,,,,,,,
,3,,,,,,,,,,,
,19,,,,,,,,,,,
,4,,,,,,,,,,,
,7,,,,,,,,,,,
,1,,,,,,,,,,,
,7,,,,,,,,,,,
,10,,,,,,,,,,,
,3,,,,,,,,,,,
2016,13,,,,,,,,,,,
,5,,,,,,,,,,,
,8,,,,,,,,,,,
,11,,,,,,,,,,,
,22,,,,,,,,,,,
,2,,,,,,,,,,,
,2,,,,,,,,,,,
,13,,,,,,,,,,,
,9,,,,,,,,,,,
,2,,,,,,,,,,,
,26,,,,,,,,,,,
,13,,,,,,,,,,,
,9,,,,,,,,,,,
,8,,,,,,,,,,,
,11,,,,,,,,,,,
,15,,,,,,,,,,,
,1,,,,,,,,,,,
,23,,,,,,,,,,,
,25,,,,,,,,,,,
,11,,,,,,,,,,,
,4,,,,,,,,,,,
,15,,,,,,,,,,,
,9,,,,,,,,,,,
,17,,,,,,,,,,,
,7,,,,,,,,,,,
,25,,,,,,,,,,,
,0,,,,,,,,,,,
,11,,,,,,,,,,,
,2,,,,,,,,,,,
,25,,,,,,,,,,,
,2,,,,,,,,,,,
,12,,,,,,,,,,,
,14,,,,,,,,,,,
,5,,,,,,,,,,,
,15,,,,,,,,,,,
,24,,,,,,,,,,,
,12,,,,,,,,,,,
,6,,,,,,,,,,,
,23,,,,,,,,,,,
,13,,,,,,,,,,,
,4,,,,,,,,,,,
,7,,,,,,,,,,,
,3,,,,,,,,,,,
,9,,,,,,,,,,,
,5,,,,,,,,,,,
,4,,,,,,,,,,,
,25,,,,,,,,,,,
,8,,,,,,,,,,,
,23,,,,,,,,,,,
,15,,,,,,,,,,,
,6,,,,,,,,,,,
,2,,,,,,,,,,,
,13,,,,,,,,,,,
,7,,,,,,,,,,,
,8,,,,,,,,,,,
,20,,,,,,,,,,,
,9,,,,,,,,,,,
,11,,,,,,,,,,,
,3,,,,,,,,,,,
,21,,,,,,,,,,,
,3,,,,,,,,,,,
,22,,,,,,,,,,,
,19,,,,,,,,,,,
,21,,,,,,,,,,,
,21,,,,,,,,,,,
,14,,,,,,,,,,,
,2,,,,,,,,,,,
,0,,,,,,,,,,,
,10,,,,,,,,,,,
,22,,,,,,,,,,,
,18,,,,,,,,,,,
,26,,,,,,,,,,,
,23,,,,,,,,,,,
,20,,,,,,,,,,,
,5,,,,,,,,,,,
,7,,,,,,,,,,,
,13,,,,,,,,,,,
,23,,,,,,,,,,,
,19,,,,,,,,,,,
,10,,,,,,,,,,,
,22,,,,,,,,,,,
,20,,,,,,,,,,,
,22,,,,,,,,,,,
,22,,,,,,,,,,,
,1,,,,,,,,,,,
,22,,,,,,,,,,,
,9,,,,,,,,,,,
,21,,,,,,,,,,,
,22,,,,,,,,,,,
,21,,,,,,,,,,,
,1,,,,,,,,,,,
,18,,,,,,,,,,,
,0,,,,,,,,,,,
,23,,,,,,,,,,,
,10,,,,,,,,,,,
,22,,,,,,,,,,,
,5,,,,,,,,,,,
,4,,,,,,,,,,,
,25,,,,,,,,,,,
,13,,,,,,,,,,,
,0,,,,,,,,,,,
,3,,,,,,,,,,,
,1,,,,,,,,,,,
,10,,,,,,,,,,,
,4,,,,,,,,,,,
,25,,,,,,,,,,,
,18,,,,,,,,,,,
,3,,,,,,,,,,,
,11,,,,,,,,,,,
,7,,,,,,,,,,,
,3,,,,,,,,,,,
,18,,,,,,,,,,,
,8,,,,,,,,,,,
,9,,,,,,,,,,,
,11,,,,,,,,,,,
,8,,,,,,,,,,,
,9,,,,,,,,,,,
,12,,,,,,,,,,,
,15,,,,,,,,,,,
,2,,,,,,,,,,,
,10,,,,,,,,,,,
,2,,,,,,,,,,,
,21,,,,,,,,,,,
,7,,,,,,,,,,,
,13,,,,,,,,,,,
,21,,,,,,,,,,,
,19,,,,,,,,,,,
,19,,,,,,,,,,,
,22,,,,,,,,,,,
,7,,,,,,,,,,,
,19,,,,,,,,,,,
,25,,,,,,,,,,,
,3,,,,,,,,,,,
,26,,,,,,,,,,,
,0,,,,,,,,,,,
,14,,,,,,,,,,,
,10,,,,,,,,,,,
,19,,,,,,,,,,,
,18,,,,,,,,,,,
,9,,,,,,,,,,,
,24,,,,,,,,,,,
,24,,,,,,,,,,,
,5,,,,,,,,,,,
,3,,,,,,,,,,,
,22,,,,,,,,,,,
,25,,,,,,,,,,,
,11,,,,,,,,,,,
,15,,,,,,,,,,,
,13,,,,,,,,,,,
,17,,,,,,,,,,,
,20,,,,,,,,,,,
,3,,,,,,,,,,,
,21,,,,,,,,,,,
,1,,,,,,,,,,,
,2,,,,,,,,,,,
,13,,,,,,,,,,,
,26,,,,,,,,,,,
,18,,,,,,,,,,,
,3,,,,,,,,,,,
,25,,,,,,,,,,,
,12,,,,,,,,,,,
,4,,,,,,,,,,,
,15,,,,,,,,,,,
,16,,,,,,,,,,,
,15,,,,,,,,,,,
,15,,,,,,,,,,,
,13,,,,,,,,,,,
,14,,,,,,,,,,,
,20,,,,,,,,,,,
,15,,,,,,,,,,,
,19,,,,,,,,,,,
,13,,,,,,,,,,,
,24,,,,,,,,,,,
,2,,,,,,,,,,,
,22,,,,,,,,,,,
,5,,,,,,,,,,,
,13,,,,,,,,,,,
,6,,,,,,,,,,,
,22,,,,,,,,,,,
,16,,,,,,,,,,,
,6,,,,,,,,,,,
,6,,,,,,,,,,,
,2,,,,,,,,,,,
,20,,,,,,,,,,,
,3,,,,,,,,,,,
,5,,,,,,,,,,,
,15,,,,,,,,,,,
,14,,,,,,,,,,,
,20,,,,,,,,,,,
,17,,,,,,,,,,,
,20,,,,,,,,,,,
,11,,,,,,,,,,,
,18,,,,,,,,,,,
,20,,,,,,,,,,,
,19,,,,,,,,,,,
,6,,,,,,,,,,,
,16,,,,,,,,,,,
,10,,,,,,,,,,,
,18,,,,,,,,,,,
,13,,,,,,,,,,,
,13,,,,,,,,,,,
,5,,,,,,,,,,,
,14,,,,,,,,,,,
,2,,,,,,,,,,,
,16,,,,,,,,,,,
,23,,,,,,,,,,,
,2,,,,,,,,,,,
,7,,,,,,,,,,,
,14,,,,,,,,,,,
,16,,,,,,,,,,,
,26,,,,,,,,,,,
,9,,,,,,,,,,,
,15,,,,,,,,,,,
,9,,,,,,,,,,,
,3,,,,,,,,,,,
,9,,,,,,,,,,,
,8,,,,,,,,,,,
,4,,,,,,,,,,,
,15,,,,,,,,,,,
,16,,,,,,,,,,,
,11,,,,,,,,,,,
,13,,,,,,,,,,,
,12,,,,,,,,,,,
,25,,,,,,,,,,,
,18,,,,,,,,,,,
,21,,,,,,,,,,,
,12,,,,,,,,,,,
,1,,,,,,,,,,,
,19,,,,,,,,,,,
,12,,,,,,,,,,,
,12,,,,,,,,,,,
,12,,,,,,,,,,,
,26,,,,,,,,,,,
,17,,,,,,,,,,,
,26,,,,,,,,,,,
,3,,,,,,,,,,,
,19,,,,,,,,,,,
,10,,,,,,,,,,,
,11,,,,,,,,,,,
,2,,,,,,,,,,,
,16,,,,,,,,,,,
,9,,,,,,,,,,,
,3,,,,,,,,,,,
,13,,,,,,,,,,,
,5,,,,,,,,,,,
,24,,,,,,,,,,,
,21,,,,,,,,,,,
,14,,,,,,,,,,,
,7,,,,,,,,,,,
,6,,,,,,,,,,,
,12,,,,,,,,,,,
,0,,,,,,,,,,,
,6,,,,,,,,,,,
,14,,,,,,,,,,,
,7,,,,,,,,,,,
,4,,,,,,,,,,,
,12,,,,,,,,,,,
,4,,,,,,,,,,,
,4,,,,,,,,,,,
,2,,,,,,,,,,,
,18,,,,,,,,,,,
,26,,,,,,,,,,,
,21,,,,,,,,,,,
,3,,,,,,,,,,,
,5,,,,,,,,,,,
,2,,,,,,,,,,,
,18,,,,,,,,,,,
,20,,,,,,,,,,,
,25,,,,,,,,,,,
,14,,,,,,,,,,,
,20,,,,,,,,,,,
,26,,,,,,,,,,,
,2,,,,,,,,,,,
,6,,,,,,,,,,,
,21,,,,,,,,,,,
,24,,,,,,,,,,,
,26,,,,,,,,,,,
,12,,,,,,,,,,,
,18,,,,,,,,,,,
,19,,,,,,,,,,,
,25,,,,,,,,,,,
,12,,,,,,,,,,,
,9,,,,,,,,,,,
,8,,,,,,,,,,,
,20,,,,,,,,,,,
,5,,,,,,,,,,,
,14,,,,,,,,,,,
,12,,,,,,,,,,,
,11,,,,,,,,,,,
,2,,,,,,,,,,,
,5,,,,,,,,,,,
,2,,,,,,,,,,,
,24,,,,,,,,,,,
,4,,,,,,,,,,,
,11,,,,,,,,,,,
,13,,,,,,,,,,,
,9,,,,,,,,,,,
,15,,,,,,,,,,,
,4,,,,,,,,,,,
,1,,,,,,,,,,,
,1,,,,,,,,,,,
,24,,,,,,,,,,,
,3,,,,,,,,,,,
,14,,,,,,,,,,,
,23,,,,,,,,,,,
,14,,,,,,,,,,,
,9,,,,,,,,,,,
,1,,,,,,,,,,,
,6,,,,,,,,,,,
,20,,,,,,,,,,,
,13,,,,,,,,,,,
,23,,,,,,,,,,,
,19,,,,,,,,,,,
,13,,,,,,,,,,,
,14,,,,,,,,,,,
,9,,,,,,,,,,,
,23,,,,,,,,,,,
,26,,,,,,,,,,,
,3,,,,,,,,,,,
,22,,,,,,,,,,,
,6,,,,,,,,,,,
,17,,,,,,,,,,,
,0,,,,,,,,,,,
,22,,,,,,,,,,,
,24,,,,,,,,,,,
,4,,,,,,,,,,,
,1,,,,,,,,,,,
,11,,,,,,,,,,,
,14,,,,,,,,,,,
,2,,,,,,,,,,,
,8,,,,,,,,,,,
,4,,,,,,,,,,,
,0,,,,,,,,,,,
,17,,,,,,,,,,,
,9,,,,,,,,,,,
,19,,,,,,,,,,,
,3,,,,,,,,,,,
,15,,,,,,,,,,,
,3,,,,,,,,,,,
,8,,,,,,,,,,,
,14,,,,,,,,,,,
,4,,,,,,,,,,,
,1,,,,,,,,,,,
,19,,,,,,,,,,,
,25,,,,,,,,,,,
,19,,,,,,,,,,,
,8,,,,,,,,,,,
,6,,,,,,,,,,,
,2,,,,,,,,,,,
,13,,,,,,,,,,,
,16,,,,,,,,,,,
,12,,,,,,,,,,,
,21,,,,,,,,,,,
,13,,,,,,,,,,,
,20,,,,,,,,,,,
,12,,,,,,,,,,,
,11,,,,,,,,,,,
,17,,,,,,,,,,,
,12,,,,,,,,,,,
,8,,,,,,,,,,,
,6,,,,,,,,,,,
,11,,,,,,,,,,,
,8,,,,,,,,,,,
,0,,,,,,,,,,,
,14,,,,,,,,,,,
2017,1,,,,,,,,,,,
,13,,,,,,,,,,,
,1,,,,,,,,,,,
,20,,,,,,,,,,,
,0,,,,,,,,,,,
,12,,,,,,,,,,,
,4,,,,,,,,,,,
,2,,,,,,,,,,,
,16,,,,,,,,,,,
,9,,,,,,,,,,,
,8,,,,,,,,,,,
,14,,,,,,,,,,,
,22,,,,,,,,,,,
,0,,,,,,,,,,,
,1,,,,,,,,,,,
,13,,,,,,,,,,,
,18,,,,,,,,,,,
,0,,,,,,,,,,,
,13,,,,,,,,,,,
,2,,,,,,,,,,,
,15,,,,,,,,,,,
,17,,,,,,,,,,,
,3,,,,,,,,,,,
,7,,,,,,,,,,,
,19,,,,,,,,,,,
,21,,,,,,,,,,,
,4,,,,,,,,,,,
,3,,,,,,,,,,,
,14,,,,,,,,,,,
,5,,,,,,,,,,,
,22,,,,,,,,,,,
,21,,,,,,,,,,,
,6,,,,,,,,,,,
,22,,,,,,,,,,,
,5,,,,,,,,,,,
,5,,,,,,,,,,,
,9,,,,,,,,,,,
,20,,,,,,,,,,,
,8,,,,,,,,,,,
,3,,,,,,,,,,,
,9,,,,,,,,,,,
,9,,,,,,,,,,,
,16,,,,,,,,,,,
,20,,,,,,,,,,,
,2,,,,,,,,,,,
,7,,,,,,,,,,,
,22,,,,,,,,,,,
,11,,,,,,,,,,,
,13,,,,,,,,,,,
,21,,,,,,,,,,,
,0,,,,,,,,,,,
,6,,,,,,,,,,,
,21,,,,,,,,,,,
,21,,,,,,,,,,,
,16,,,,,,,,,,,
,9,,,,,,,,,,,
,9,,,,,,,,,,,
,4,,,,,,,,,,,
,14,,,,,,,,,,,
,9,,,,,,,,,,,
,2,,,,,,,,,,,
,5,,,,,,,,,,,
,21,,,,,,,,,,,
,5,,,,,,,,,,,
,19,,,,,,,,,,,
,8,,,,,,,,,,,
,4,,,,,,,,,,,
,2,,,,,,,,,,,
,22,,,,,,,,,,,
,0,,,,,,,,,,,
,7,,,,,,,,,,,
,9,,,,,,,,,,,
,15,,,,,,,,,,,
,2,,,,,,,,,,,
,0,,,,,,,,,,,
,15,,,,,,,,,,,
,2,,,,,,,,,,,
,3,,,,,,,,,,,
,0,,,,,,,,,,,
,16,,,,,,,,,,,
,4,,,,,,,,,,,
,12,,,,,,,,,,,
,1,,,,,,,,,,,
,16,,,,,,,,,,,
,7,,,,,,,,,,,
,17,,,,,,,,,,,
,12,,,,,,,,,,,
,21,,,,,,,,,,,
,14,,,,,,,,,,,
,9,,,,,,,,,,,
,15,,,,,,,,,,,
,5,,,,,,,,,,,
,10,,,,,,,,,,,
,10,,,,,,,,,,,
,22,,,,,,,,,,,
,19,,,,,,,,,,,
,19,,,,,,,,,,,
,12,,,,,,,,,,,
,18,,,,,,,,,,,
,15,,,,,,,,,,,
,9,,,,,,,,,,,
,10,,,,,,,,,,,
,15,,,,,,,,,,,
,20,,,,,,,,,,,
,6,,,,,,,,,,,
,12,,,,,,,,,,,
,16,,,,,,,,,,,
,2,,,,,,,,,,,
,10,,,,,,,,,,,
,4,,,,,,,,,,,
,9,,,,,,,,,,,
,20,,,,,,,,,,,
,17,,,,,,,,,,,
,7,,,,,,,,,,,
,5,,,,,,,,,,,
,8,,,,,,,,,,,
,5,,,,,,,,,,,
,4,,,,,,,,,,,
,15,,,,,,,,,,,
,22,,,,,,,,,,,
,19,,,,,,,,,,,
,0,,,,,,,,,,,
,16,,,,,,,,,,,
,21,,,,,,,,,,,
,19,,,,,,,,,,,
,17,,,,,,,,,,,
,8,,,,,,,,,,,
,16,,,,,,,,,,,
,2,,,,,,,,,,,
,10,,,,,,,,,,,
,4,,,,,,,,,,,
,12,,,,,,,,,,,
,15,,,,,,,,,,,
,10,,,,,,,,,,,
,20,,,,,,,,,,,
,9,,,,,,,,,,,
,8,,,,,,,,,,,
,17,,,,,,,,,,,
,17,,,,,,,,,,,
,2,,,,,,,,,,,
,5,,,,,,,,,,,
,22,,,,,,,,,,,
,1,,,,,,,,,,,
,13,,,,,,,,,,,
,12,,,,,,,,,,,
,5,,,,,,,,,,,
,22,,,,,,,,,,,
,19,,,,,,,,,,,
,1,,,,,,,,,,,
,4,,,,,,,,,,,
,13,,,,,,,,,,,
,20,,,,,,,,,,,
,7,,,,,,,,,,,
,14,,,,,,,,,,,
,3,,,,,,,,,,,
,15,,,,,,,,,,,
,18,,,,,,,,,,,
,5,,,,,,,,,,,
,15,,,,,,,,,,,
,6,,,,,,,,,,,
,0,,,,,,,,,,,
,6,,,,,,,,,,,
,20,,,,,,,,,,,
,6,,,,,,,,,,,
,3,,,,,,,,,,,
,7,,,,,,,,,,,
,9,,,,,,,,,,,
,21,,,,,,,,,,,
,17,,,,,,,,,,,
,8,,,,,,,,,,,
,13,,,,,,,,,,,
,14,,,,,,,,,,,
,11,,,,,,,,,,,
,4,,,,,,,,,,,
,15,,,,,,,,,,,
,9,,,,,,,,,,,
,4,,,,,,,,,,,
,18,,,,,,,,,,,
,14,,,,,,,,,,,
,18,,,,,,,,,,,
,1,,,,,,,,,,,
,18,,,,,,,,,,,
,6,,,,,,,,,,,
,11,,,,,,,,,,,
,22,,,,,,,,,,,
,12,,,,,,,,,,,
,10,,,,,,,,,,,
,8,,,,,,,,,,,
,21,,,,,,,,,,,
,17,,,,,,,,,,,
,7,,,,,,,,,,,
,15,,,,,,,,,,,
,16,,,,,,,,,,,
,21,,,,,,,,,,,
,22,,,,,,,,,,,
,9,,,,,,,,,,,
,12,,,,,,,,,,,
,8,,,,,,,,,,,
,5,,,,,,,,,,,
,12,,,,,,,,,,,
,15,,,,,,,,,,,
,12,,,,,,,,,,,
,7,,,,,,,,,,,
,1,,,,,,,,,,,
,13,,,,,,,,,,,
,3,,,,,,,,,,,
,15,,,,,,,,,,,
,0,,,,,,,,,,,
,6,,,,,,,,,,,
,8,,,,,,,,,,,
,15,,,,,,,,,,,
,9,,,,,,,,,,,
,14,,,,,,,,,,,
,18,,,,,,,,,,,
,22,,,,,,,,,,,
,0,,,,,,,,,,,
,4,,,,,,,,,,,
,1,,,,,,,,,,,
,11,,,,,,,,,,,
,15,,,,,,,,,,,
,15,,,,,,,,,,,
,19,,,,,,,,,,,
,21,,,,,,,,,,,
,6,,,,,,,,,,,
,4,,,,,,,,,,,
,7,,,,,,,,,,,
,7,,,,,,,,,,,
,0,,,,,,,,,,,
,4,,,,,,,,,,,
,20,,,,,,,,,,,
,6,,,,,,,,,,,
,10,,,,,,,,,,,
,11,,,,,,,,,,,
,0,,,,,,,,,,,
,6,,,,,,,,,,,
,15,,,,,,,,,,,
,0,,,,,,,,,,,
,12,,,,,,,,,,,
,15,,,,,,,,,,,
,19,,,,,,,,,,,
,22,,,,,,,,,,,
,11,,,,,,,,,,,
,16,,,,,,,,,,,
,3,,,,,,,,,,,
,9,,,,,,,,,,,
,1,,,,,,,,,,,
,0,,,,,,,,,,,
,5,,,,,,,,,,,
,19,,,,,,,,,,,
,3,,,,,,,,,,,
,4,,,,,,,,,,,
,17,,,,,,,,,,,
,19,,,,,,,,,,,
,7,,,,,,,,,,,
,15,,,,,,,,,,,
,11,,,,,,,,,,,
,3,,,,,,,,,,,
,16,,,,,,,,,,,
,16,,,,,,,,,,,
,16,,,,,,,,,,,
,13,,,,,,,,,,,
,0,,,,,,,,,,,
,11,,,,,,,,,,,
,9,,,,,,,,,,,
,12,,,,,,,,,,,
,17,,,,,,,,,,,
,10,,,,,,,,,,,
,19,,,,,,,,,,,
,11,,,,,,,,,,,
,16,,,,,,,,,,,
,10,,,,,,,,,,,
,5,,,,,,,,,,,
,6,,,,,,,,,,,
,12,,,,,,,,,,,
,8,,,,,,,,,,,
,11,,,,,,,,,,,
,14,,,,,,,,,,,
,16,,,,,,,,,,,
,17,,,,,,,,,,,
,14,,,,,,,,,,,
,13,,,,,,,,,,,
,13,,,,,,,,,,,
,1,,,,,,,,,,,
,12,,,,,,,,,,,
,4,,,,,,,,,,,
,10,,,,,,,,,,,
,2,,,,,,,,,,,
,6,,,,,,,,,,,
,5,,,,,,,,,,,
,6,,,,,,,,,,,
,22,,,,,,,,,,,
,22,,,,,,,,,,,
,8,,,,,,,,,,,
,18,,,,,,,,,,,
,17,,,,,,,,,,,
,7,,,,,,,,,,,
,6,,,,,,,,,,,
,13,,,,,,,,,,,
,15,,,,,,,,,,,
,12,,,,,,,,,,,
,1,,,,,,,,,,,
,16,,,,,,,,,,,
,9,,,,,,,,,,,
,19,,,,,,,,,,,
,7,,,,,,,,,,,
,1,,,,,,,,,,,
,20,,,,,,,,,,,
,7,,,,,,,,,,,
,5,,,,,,,,,,,
,1,,,,,,,,,,,
,19,,,,,,,,,,,
,13,,,,,,,,,,,
,17,,,,,,,,,,,
,21,,,,,,,,,,,
,3,,,,,,,,,,,
,2,,,,,,,,,,,
,8,,,,,,,,,,,
,7,,,,,,,,,,,
,19,,,,,,,,,,,
,6,,,,,,,,,,,
,5,,,,,,,,,,,
,3,,,,,,,,,,,
,12,,,,,,,,,,,
,7,,,,,,,,,,,
,3,,,,,,,,,,,
,1,,,,,,,,,,,
,1,,,,,,,,,,,
,16,,,,,,,,,,,
,2,,,,,,,,,,,
,8,,,,,,,,,,,
,0,,,,,,,,,,,
,21,,,,,,,,,,,
,7,,,,,,,,,,,
,21,,,,,,,,,,,
,18,,,,,,,,,,,
,19,,,,,,,,,,,
,16,,,,,,,,,,,
,22,,,,,,,,,,,
,22,,,,,,,,,,,
,2,,,,,,,,,,,
,20,,,,,,,,,,,
,11,,,,,,,,,,,
,0,,,,,,,,,,,
,16,,,,,,,,,,,
,14,,,,,,,,,,,
,5,,,,,,,,,,,
,15,,,,,,,,,,,
,12,,,,,,,,,,,
,3,,,,,,,,,,,
,20,,,,,,,,,,,
,20,,,,,,,,,,,
,1,,,,,,,,,,,
,19,,,,,,,,,,,
,3,,,,,,,,,,,
,16,,,,,,,,,,,
,20,,,,,,,,,,,
,16,,,,,,,,,,,
,0,,,,,,,,,,,
,21,,,,,,,,,,,
,17,,,,,,,,,,,
,18,,,,,,,,,,,
,4,,,,,,,,,,,
,11,,,,,,,,,,,
,17,,,,,,,,,,,
,7,,,,,,,,,,,
2018,14,,,,,,,,,,,
,17,,,,,,,,,,,
,12,,,,,,,,,,,
,4,,,,,,,,,,,
,20,,,,,,,,,,,
,23,,,,,,,,,,,
,7,,,,,,,,,,,
,19,,,,,,,,,,,
,2,,,,,,,,,,,
,22,,,,,,,,,,,
,21,,,,,,,,,,,
,20,,,,,,,,,,,
,25,,,,,,,,,,,
,19,,,,,,,,,,,
,22,,,,,,,,,,,
,23,,,,,,,,,,,
,10,,,,,,,,,,,
,20,,,,,,,,,,,
,17,,,,,,,,,,,
,13,,,,,,,,,,,
,23,,,,,,,,,,,
,15,,,,,,,,,,,
,8,,,,,,,,,,,
,17,,,,,,,,,,,
,19,,,,,,,,,,,
,2,,,,,,,,,,,
,3,,,,,,,,,,,
,12,,,,,,,,,,,
,9,,,,,,,,,,,
,17,,,,,,,,,,,
,19,,,,,,,,,,,
,6,,,,,,,,,,,
,20,,,,,,,,,,,
,10,,,,,,,,,,,
,5,,,,,,,,,,,
,10,,,,,,,,,,,
,23,,,,,,,,,,,
,22,,,,,,,,,,,
,12,,,,,,,,,,,
,0,,,,,,,,,,,
,18,,,,,,,,,,,
,1,,,,,,,,,,,
,3,,,,,,,,,,,
,4,,,,,,,,,,,
,20,,,,,,,,,,,
,23,,,,,,,,,,,
,25,,,,,,,,,,,
,3,,,,,,,,,,,
,14,,,,,,,,,,,
,23,,,,,,,,,,,
,6,,,,,,,,,,,
,14,,,,,,,,,,,
,25,,,,,,,,,,,
,18,,,,,,,,,,,
,23,,,,,,,,,,,
,9,,,,,,,,,,,
,3,,,,,,,,,,,
,8,,,,,,,,,,,
,9,,,,,,,,,,,
,0,,,,,,,,,,,
,8,,,,,,,,,,,
,12,,,,,,,,,,,
,16,,,,,,,,,,,
,24,,,,,,,,,,,
,9,,,,,,,,,,,
,5,,,,,,,,,,,
,2,,,,,,,,,,,
,5,,,,,,,,,,,
,6,,,,,,,,,,,
,1,,,,,,,,,,,
,0,,,,,,,,,,,
,12,,,,,,,,,,,
,8,,,,,,,,,,,
,0,,,,,,,,,,,
,25,,,,,,,,,,,
,12,,,,,,,,,,,
,8,,,,,,,,,,,
,6,,,,,,,,,,,
,20,,,,,,,,,,,
,25,,,,,,,,,,,
,19,,,,,,,,,,,
,11,,,,,,,,,,,
,24,,,,,,,,,,,
,20,,,,,,,,,,,
,23,,,,,,,,,,,
,6,,,,,,,,,,,
,7,,,,,,,,,,,
,23,,,,,,,,,,,
,3,,,,,,,,,,,
,4,,,,,,,,,,,
,2,,,,,,,,,,,
,19,,,,,,,,,,,
,6,,,,,,,,,,,
,11,,,,,,,,,,,
,8,,,,,,,,,,,
,4,,,,,,,,,,,
,25,,,,,,,,,,,
,22,,,,,,,,,,,
,15,,,,,,,,,,,
,14,,,,,,,,,,,
,12,,,,,,,,,,,
,21,,,,,,,,,,,
,24,,,,,,,,,,,
,25,,,,,,,,,,,
,3,,,,,,,,,,,
,24,,,,,,,,,,,
,21,,,,,,,,,,,
,3,,,,,,,,,,,
,10,,,,,,,,,,,
,1,,,,,,,,,,,
,23,,,,,,,,,,,
,11,,,,,,,,,,,
,18,,,,,,,,,,,
,6,,,,,,,,,,,
,11,,,,,,,,,,,
,11,,,,,,,,,,,
,7,,,,,,,,,,,
,14,,,,,,,,,,,
,12,,,,,,,,,,,
,12,,,,,,,,,,,
,18,,,,,,,,,,,
,1,,,,,,,,,,,
,4,,,,,,,,,,,
,18,,,,,,,,,,,
,5,,,,,,,,,,,
,16,,,,,,,,,,,
,8,,,,,,,,,,,
,13,,,,,,,,,,,
,9,,,,,,,,,,,
,25,,,,,,,,,,,
,3,,,,,,,,,,,
,14,,,,,,,,,,,
,15,,,,,,,,,,,
,23,,,,,,,,,,,
,11,,,,,,,,,,,
,12,,,,,,,,,,,
,9,,,,,,,,,,,
,3,,,,,,,,,,,
,2,,,,,,,,,,,
,0,,,,,,,,,,,
,5,,,,,,,,,,,
,12,,,,,,,,,,,
,6,,,,,,,,,,,
,25,,,,,,,,,,,
,7,,,,,,,,,,,
,10,,,,,,,,,,,
,18,,,,,,,,,,,
,5,,,,,,,,,,,
,15,,,,,,,,,,,
,17,,,,,,,,,,,
,1,,,,,,,,,,,
,12,,,,,,,,,,,
,7,,,,,,,,,,,
,22,,,,,,,,,,,
,25,,,,,,,,,,,
,23,,,,,,,,,,,
,6,,,,,,,,,,,
,18,,,,,,,,,,,
,20,,,,,,,,,,,
,15,,,,,,,,,,,
,9,,,,,,,,,,,
,17,,,,,,,,,,,
,16,,,,,,,,,,,
,9,,,,,,,,,,,
,23,,,,,,,,,,,
,21,,,,,,,,,,,
,13,,,,,,,,,,,
,19,,,,,,,,,,,
,21,,,,,,,,,,,
,6,,,,,,,,,,,
,10,,,,,,,,,,,
,11,,,,,,,,,,,
,9,,,,,,,,,,,
,17,,,,,,,,,,,
,16,,,,,,,,,,,
,4,,,,,,,,,,,
,16,,,,,,,,,,,
,14,,,,,,,,,,,
,8,,,,,,,,,,,
,13,,,,,,,,,,,
,25,,,,,,,,,,,
,25,,,,,,,,,,,
,12,,,,,,,,,,,
,4,,,,,,,,,,,
,18,,,,,,,,,,,
,8,,,,,,,,,,,
,17,,,,,,,,,,,
,0,,,,,,,,,,,
,8,,,,,,,,,,,
,24,,,,,,,,,,,
,6,,,,,,,,,,,
,11,,,,,,,,,,,
,3,,,,,,,,,,,
,24,,,,,,,,,,,
,0,,,,,,,,,,,
,20,,,,,,,,,,,
,18,,,,,,,,,,,
,9,,,,,,,,,,,
,8,,,,,,,,,,,
,14,,,,,,,,,,,
,18,,,,,,,,,,,
,7,,,,,,,,,,,
,25,,,,,,,,,,,
,17,,,,,,,,,,,
,7,,,,,,,,,,,
,1,,,,,,,,,,,
,25,,,,,,,,,,,
,13,,,,,,,,,,,
,25,,,,,,,,,,,
,22,,,,,,,,,,,
,2,,,,,,,,,,,
,25,,,,,,,,,,,
,17,,,,,,,,,,,
,7,,,,,,,,,,,
,12,,,,,,,,,,,
,24,,,,,,,,,,,
,20,,,,,,,,,,,
,9,,,,,,,,,,,
,17,,,,,,,,,,,
,19,,,,,,,,,,,
,15,,,,,,,,,,,
,23,,,,,,,,,,,
,18,,,,,,,,,,,
,8,,,,,,,,,,,
,5,,,,,,,,,,,
,21,,,,,,,,,,,
,20,,,,,,,,,,,
,15,,,,,,,,,,,
,23,,,,,,,,,,,
,14,,,,,,,,,,,
,11,,,,,,,,,,,
,21,,,,,,,,,,,
,22,,,,,,,,,,,
,14,,,,,,,,,,,
,23,,,,,,,,,,,
,23,,,,,,,,,,,
,7,,,,,,,,,,,
,18,,,,,,,,,,,
,19,,,,,,,,,,,
,8,,,,,,,,,,,
,12,,,,,,,,,,,
,13,,,,,,,,,,,
,7,,,,,,,,,,,
,25,,,,,,,,,,,
,16,,,,,,,,,,,
,8,,,,,,,,,,,
,7,,,,,,,,,,,
,10,,,,,,,,,,,
,19,,,,,,,,,,,
,2,,,,,,,,,,,
,22,,,,,,,,,,,
,21,,,,,,,,,,,
,5,,,,,,,,,,,
,1,,,,,,,,,,,
,16,,,,,,,,,,,
,6,,,,,,,,,,,
,25,,,,,,,,,,,
,1,,,,,,,,,,,
,10,,,,,,,,,,,
,5,,,,,,,,,,,
,13,,,,,,,,,,,
,10,,,,,,,,,,,
,18,,,,,,,,,,,
,0,,,,,,,,,,,
,21,,,,,,,,,,,
,17,,,,,,,,,,,
,1,,,,,,,,,,,
,9,,,,,,,,,,,
,1,,,,,,,,,,,
,1,,,,,,,,,,,
,22,,,,,,,,,,,
,7,,,,,,,,,,,
,20,,,,,,,,,,,
,11,,,,,,,,,,,
,16,,,,,,,,,,,
,17,,,,,,,,,,,
,19,,,,,,,,,,,
,0,,,,,,,,,,,
,25,,,,,,,,,,,
,5,,,,,,,,,,,
,14,,,,,,,,,,,
,24,,,,,,,,,,,
,21,,,,,,,,,,,
,21,,,,,,,,,,,
,22,,,,,,,,,,,
,21,,,,,,,,,,,
,17,,,,,,,,,,,
,18,,,,,,,,,,,
,14,,,,,,,,,,,
,1,,,,,,,,,,,
,0,,,,,,,,,,,
,11,,,,,,,,,,,
,21,,,,,,,,,,,
,9,,,,,,,,,,,
,12,,,,,,,,,,,
,8,,,,,,,,,,,
,11,,,,,,,,,,,
,3,,,,,,,,,,,
,13,,,,,,,,,,,
,15,,,,,,,,,,,
,21,,,,,,,,,,,
,22,,,,,,,,,,,
,0,,,,,,,,,,,
,12,,,,,,,,,,,
,14,,,,,,,,,,,
,5,,,,,,,,,,,
,16,,,,,,,,,,,
,19,,,,,,,,,,,
,5,,,,,,,,,,,
,9,,,,,,,,,,,
,17,,,,,,,,,,,
,4,,,,,,,,,,,
,21,,,,,,,,,,,
,12,,,,,,,,,,,
,9,,,,,,,,,,,
,7,,,,,,,,,,,
,16,,,,,,,,,,,
,18,,,,,,,,,,,
,13,,,,,,,,,,,
,19,,,,,,,,,,,
,19,,,,,,,,,,,
,8,,,,,,,,,,,
,6,,,,,,,,,,,
,22,,,,,,,,,,,
,7,,,,,,,,,,,
,22,,,,,,,,,,,
,13,,,,,,,,,,,
,13,,,,,,,,,,,
,21,,,,,,,,,,,
,19,,,,,,,,,,,
,4,,,,,,,,,,,
,9,,,,,,,,,,,
,25,,,,,,,,,,,
,0,,,,,,,,,,,
,9,,,,,,,,,,,
,21,,,,,,,,,,,
,8,,,,,,,,,,,
,4,,,,,,,,,,,
,7,,,,,,,,,,,
,3,,,,,,,,,,,
,14,,,,,,,,,,,
,5,,,,,,,,,,,
,21,,,,,,,,,,,
,17,,,,,,,,,,,
,4,,,,,,,,,,,
,3,,,,,,,,,,,
,21,,,,,,,,,,,
,23,,,,,,,,,,,
,20,,,,,,,,,,,
,22,,,,,,,,,,,
,24,,,,,,,,,,,
,25,,,,,,,,,,,
,4,,,,,,,,,,,
,8,,,,,,,,,,,
,4,,,,,,,,,,,
,24,,,,,,,,,,,
,23,,,,,,,,,,,
,11,,,,,,,,,,,
,7,,,,,,,,,,,
,15,,,,,,,,,,,
,24,,,,,,,,,,,
,6,,,,,,,,,,,
,0,,,,,,,,,,,
,17,,,,,,,,,,,
,18,,,,,,,,,,,
2019,0,,,,,,,,,,,
,3,,,,,,,,,,,
,17,,,,,,,,,,,
,2,,,,,,,,,,,
,5,,,,,,,,,,,
,27,,,,,,,,,,,
,24,,,,,,,,,,,
,9,,,,,,,,,,,
,27,,,,,,,,,,,
,23,,,,,,,,,,,
,2,,,,,,,,,,,
,15,,,,,,,,,,,
,28,,,,,,,,,,,
,15,,,,,,,,,,,
,9,,,,,,,,,,,
,23,,,,,,,,,,,
,21,,,,,,,,,,,
,6,,,,,,,,,,,
,13,,,,,,,,,,,
,23,,,,,,,,,,,
,27,,,,,,,,,,,
,17,,,,,,,,,,,
,26,,,,,,,,,,,
,23,,,,,,,,,,,
,5,,,,,,,,,,,
,7,,,,,,,,,,,
,21,,,,,,,,,,,
,5,,,,,,,,,,,
,25,,,,,,,,,,,
,10,,,,,,,,,,,
,3,,,,,,,,,,,
,11,,,,,,,,,,,
,14,,,,,,,,,,,
,3,,,,,,,,,,,
,17,,,,,,,,,,,
,0,,,,,,,,,,,
,29,,,,,,,,,,,
,6,,,,,,,,,,,
,14,,,,,,,,,,,
,27,,,,,,,,,,,
,8,,,,,,,,,,,
,16,,,,,,,,,,,
,17,,,,,,,,,,,
,22,,,,,,,,,,,
,19,,,,,,,,,,,
,10,,,,,,,,,,,
,6,,,,,,,,,,,
,6,,,,,,,,,,,
,29,,,,,,,,,,,
,4,,,,,,,,,,,
,19,,,,,,,,,,,
,25,,,,,,,,,,,
,25,,,,,,,,,,,
,8,,,,,,,,,,,
,16,,,,,,,,,,,
,14,,,,,,,,,,,
,4,,,,,,,,,,,
,5,,,,,,,,,,,
,18,,,,,,,,,,,
,13,,,,,,,,,,,
,23,,,,,,,,,,,
,0,,,,,,,,,,,
,4,,,,,,,,,,,
,21,,,,,,,,,,,
,14,,,,,,,,,,,
,4,,,,,,,,,,,
,28,,,,,,,,,,,
,2,,,,,,,,,,,
,1,,,,,,,,,,,
,2,,,,,,,,,,,
,14,,,,,,,,,,,
,19,,,,,,,,,,,
,13,,,,,,,,,,,
,2,,,,,,,,,,,
,2,,,,,,,,,,,
,5,,,,,,,,,,,
,10,,,,,,,,,,,
,9,,,,,,,,,,,
,4,,,,,,,,,,,
,2,,,,,,,,,,,
,7,,,,,,,,,,,
,25,,,,,,,,,,,
,2,,,,,,,,,,,
,10,,,,,,,,,,,
,24,,,,,,,,,,,
,22,,,,,,,,,,,
,22,,,,,,,,,,,
,27,,,,,,,,,,,
,0,,,,,,,,,,,
,17,,,,,,,,,,,
,14,,,,,,,,,,,
,20,,,,,,,,,,,
,29,,,,,,,,,,,
,7,,,,,,,,,,,
,17,,,,,,,,,,,
,23,,,,,,,,,,,
,15,,,,,,,,,,,
,15,,,,,,,,,,,
,24,,,,,,,,,,,
,2,,,,,,,,,,,
,25,,,,,,,,,,,
,16,,,,,,,,,,,
,8,,,,,,,,,,,
,19,,,,,,,,,,,
,28,,,,,,,,,,,
,17,,,,,,,,,,,
,18,,,,,,,,,,,
,14,,,,,,,,,,,
,10,,,,,,,,,,,
,22,,,,,,,,,,,
,6,,,,,,,,,,,
,18,,,,,,,,,,,
,1,,,,,,,,,,,
,15,,,,,,,,,,,
,26,,,,,,,,,,,
,4,,,,,,,,,,,
,11,,,,,,,,,,,
,5,,,,,,,,,,,
,21,,,,,,,,,,,
,2,,,,,,,,,,,
,4,,,,,,,,,,,
,16,,,,,,,,,,,
,1,,,,,,,,,,,
,22,,,,,,,,,,,
,2,,,,,,,,,,,
,16,,,,,,,,,,,
,10,,,,,,,,,,,
,28,,,,,,,,,,,
,4,,,,,,,,,,,
,6,,,,,,,,,,,
,23,,,,,,,,,,,
,5,,,,,,,,,,,
,20,,,,,,,,,,,
,5,,,,,,,,,,,
,3,,,,,,,,,,,
,13,,,,,,,,,,,
,1,,,,,,,,,,,
,19,,,,,,,,,,,
,8,,,,,,,,,,,
,13,,,,,,,,,,,
,29,,,,,,,,,,,
,7,,,,,,,,,,,
,23,,,,,,,,,,,
,27,,,,,,,,,,,
,27,,,,,,,,,,,
,0,,,,,,,,,,,
,23,,,,,,,,,,,
,25,,,,,,,,,,,
,2,,,,,,,,,,,
,15,,,,,,,,,,,
,7,,,,,,,,,,,
,17,,,,,,,,,,,
,29,,,,,,,,,,,
,12,,,,,,,,,,,
,19,,,,,,,,,,,
,21,,,,,,,,,,,
,19,,,,,,,,,,,
,17,,,,,,,,,,,
,21,,,,,,,,,,,
,8,,,,,,,,,,,
,5,,,,,,,,,,,
,28,,,,,,,,,,,
,2,,,,,,,,,,,
,29,,,,,,,,,,,
,3,,,,,,,,,,,
,8,,,,,,,,,,,
,13,,,,,,,,,,,
,11,,,,,,,,,,,
,25,,,,,,,,,,,
,17,,,,,,,,,,,
,28,,,,,,,,,,,
,12,,,,,,,,,,,
,1,,,,,,,,,,,
,29,,,,,,,,,,,
,9,,,,,,,,,,,
,25,,,,,,,,,,,
,19,,,,,,,,,,,
,17,,,,,,,,,,,
,14,,,,,,,,,,,
,28,,,,,,,,,,,
,14,,,,,,,,,,,
,19,,,,,,,,,,,
,20,,,,,,,,,,,
,1,,,,,,,,,,,
,11,,,,,,,,,,,
,1,,,,,,,,,,,
,25,,,,,,,,,,,
,14,,,,,,,,,,,
,23,,,,,,,,,,,
,0,,,,,,,,,,,
,13,,,,,,,,,,,
,2,,,,,,,,,,,
,3,,,,,,,,,,,
,11,,,,,,,,,,,
,9,,,,,,,,,,,
,8,,,,,,,,,,,
,24,,,,,,,,,,,
,2,,,,,,,,,,,
,19,,,,,,,,,,,
,1,,,,,,,,,,,
,12,,,,,,,,,,,
,28,,,,,,,,,,,
,6,,,,,,,,,,,
,4,,,,,,,,,,,
,26,,,,,,,,,,,
,11,,,,,,,,,,,
,3,,,,,,,,,,,
,18,,,,,,,,,,,
,21,,,,,,,,,,,
,23,,,,,,,,,,,
,7,,,,,,,,,,,
,2,,,,,,,,,,,
,2,,,,,,,,,,,
,13,,,,,,,,,,,
,14,,,,,,,,,,,
,8,,,,,,,,,,,
,22,,,,,,,,,,,
,2,,,,,,,,,,,
,6,,,,,,,,,,,
,20,,,,,,,,,,,
,21,,,,,,,,,,,
,0,,,,,,,,,,,
,16,,,,,,,,,,,
,3,,,,,,,,,,,
,29,,,,,,,,,,,
,0,,,,,,,,,,,
,4,,,,,,,,,,,
,17,,,,,,,,,,,
,13,,,,,,,,,,,
,23,,,,,,,,,,,
,26,,,,,,,,,,,
,9,,,,,,,,,,,
,2,,,,,,,,,,,
,13,,,,,,,,,,,
,17,,,,,,,,,,,
,24,,,,,,,,,,,
,7,,,,,,,,,,,
,26,,,,,,,,,,,
,24,,,,,,,,,,,
,15,,,,,,,,,,,
,27,,,,,,,,,,,
,25,,,,,,,,,,,
,13,,,,,,,,,,,
,25,,,,,,,,,,,
,16,,,,,,,,,,,
,12,,,,,,,,,,,
,20,,,,,,,,,,,
,17,,,,,,,,,,,
,15,,,,,,,,,,,
,28,,,,,,,,,,,
,25,,,,,,,,,,,
,4,,,,,,,,,,,
,5,,,,,,,,,,,
,19,,,,,,,,,,,
,16,,,,,,,,,,,
,25,,,,,,,,,,,
,10,,,,,,,,,,,
,26,,,,,,,,,,,
,13,,,,,,,,,,,
,3,,,,,,,,,,,
,19,,,,,,,,,,,
,22,,,,,,,,,,,
,6,,,,,,,,,,,
,23,,,,,,,,,,,
,17,,,,,,,,,,,
,26,,,,,,,,,,,
,28,,,,,,,,,,,
,20,,,,,,,,,,,
,5,,,,,,,,,,,
,6,,,,,,,,,,,
,13,,,,,,,,,,,
,9,,,,,,,,,,,
,20,,,,,,,,,,,
,28,,,,,,,,,,,
,0,,,,,,,,,,,
,7,,,,,,,,,,,
,15,,,,,,,,,,,
,15,,,,,,,,,,,
,4,,,,,,,,,,,
,22,,,,,,,,,,,
,17,,,,,,,,,,,
,9,,,,,,,,,,,
,7,,,,,,,,,,,
,11,,,,,,,,,,,
,28,,,,,,,,,,,
,15,,,,,,,,,,,
,13,,,,,,,,,,,
,12,,,,,,,,,,,
,5,,,,,,,,,,,
,16,,,,,,,,,,,
,15,,,,,,,,,,,
,27,,,,,,,,,,,
,5,,,,,,,,,,,
,23,,,,,,,,,,,
,19,,,,,,,,,,,
,10,,,,,,,,,,,
,16,,,,,,,,,,,
,23,,,,,,,,,,,
,16,,,,,,,,,,,
,8,,,,,,,,,,,
,0,,,,,,,,,,,
,12,,,,,,,,,,,
,10,,,,,,,,,,,
,13,,,,,,,,,,,
,15,,,,,,,,,,,
,11,,,,,,,,,,,
,16,,,,,,,,,,,
,22,,,,,,,,,,,
,26,,,,,,,,,,,
,1,,,,,,,,,,,
,11,,,,,,,,,,,
,8,,,,,,,,,,,
,5,,,,,,,,,,,
,14,,,,,,,,,,,
,2,,,,,,,,,,,
,24,,,,,,,,,,,
,9,,,,,,,,,,,
,18,,,,,,,,,,,
,9,,,,,,,,,,,
,8,,,,,,,,,,,
,18,,,,,,,,,,,
,11,,,,,,,,,,,
,17,,,,,,,,,,,
,14,,,,,,,,,,,
,16,,,,,,,,,,,
,2,,,,,,,,,,,
,11,,,,,,,,,,,
,9,,,,,,,,,,,
,26,,,,,,,,,,,
,14,,,,,,,,,,,
,15,,,,,,,,,,,
,14,,,,,,,,,,,
,0,,,,,,,,,,,
,19,,,,,,,,,,,
,13,,,,,,,,,,,
,10,,,,,,,,,,,
,25,,,,,,,,,,,
,23,,,,,,,,,,,
,3,,,,,,,,,,,
,28,,,,,,,,,,,
,24,,,,,,,,,,,
,15,,,,,,,,,,,
,24,,,,,,,,,,,
,27,,,,,,,,,,,
,12,,,,,,,,,,,
,25,,,,,,,,,,,
,28,,,,,,,,,,,
,27,,,,,,,,,,,
,23,,,,,,,,,,,
,4,,,,,,,,,,,
,8,,,,,,,,,,,
,26,,,,,,,,,,,
,15,,,,,,,,,,,
,29,,,,,,,,,,,
,9,,,,,,,,,,,
,19,,,,,,,,,,,
,11,,,,,,,,,,,
,6,,,,,,,,,,,
,20,,,,,,,,,,,
,17,,,,,,,,,,,
,12,,,,,,,,,,,
,7,,,,,,,,,,,
,12,,,,,,,,,,,
,9,,,,,,,,,,,
,7,,,,,,,,,,,
2020,32,,,,,,,,,,,
,8,,,,,,,,,,,
,8,,,,,,,,,,,
,20,,,,,,,,,,,
,32,,,,,,,,,,,
,55,,,,,,,,,,,
,34,,,,,,,,,,,
,43,,,,,,,,,,,
,44,,,,,,,,,,,
,60,,,,,,,,,,,
,67,,,,,,,,,,,
,12,,,,,,,,,,,
,14,,,,,,,,,,,
,16,,,,,,,,,,,
,23,,,,,,,,,,,
,24,,,,,,,,,,,
,55,,,,,,,,,,,
,44,,,,,,,,,,,
,59,,,,,,,,,,,
,42,,,,,,,,,,,
,64,,,,,,,,,,,
,49,,,,,,,,,,,
,67,,,,,,,,,,,
,19,,,,,,,,,,,
,39,,,,,,,,,,,
,53,,,,,,,,,,,
,28,,,,,,,,,,,
,9,,,,,,,,,,,
,65,,,,,,,,,,,
,2,,,,,,,,,,,
,24,,,,,,,,,,,
,65,,,,,,,,,,,
,22,,,,,,,,,,,
,4,,,,,,,,,,,
,58,,,,,,,,,,,
,35,,,,,,,,,,,
,45,,,,,,,,,,,
,14,,,,,,,,,,,
,37,,,,,,,,,,,
,17,,,,,,,,,,,
,46,,,,,,,,,,,
,4,,,,,,,,,,,
,61,,,,,,,,,,,
,52,,,,,,,,,,,
,9,,,,,,,,,,,
,21,,,,,,,,,,,
,56,,,,,,,,,,,
,61,,,,,,,,,,,
,52,,,,,,,,,,,
,14,,,,,,,,,,,
,26,,,,,,,,,,,
,74,,,,,,,,,,,
,57,,,,,,,,,,,
,69,,,,,,,,,,,
,66,,,,,,,,,,,
,9,,,,,,,,,,,
,67,,,,,,,,,,,
,54,,,,,,,,,,,
,74,,,,,,,,,,,
,63,,,,,,,,,,,
,56,,,,,,,,,,,
,7,,,,,,,,,,,
,45,,,,,,,,,,,
,23,,,,,,,,,,,
,79,,,,,,,,,,,
,25,,,,,,,,,,,
,23,,,,,,,,,,,
,59,,,,,,,,,,,
,26,,,,,,,,,,,
,1,,,,,,,,,,,
,63,,,,,,,,,,,
,65,,,,,,,,,,,
,30,,,,,,,,,,,
,12,,,,,,,,,,,
,2,,,,,,,,,,,
,41,,,,,,,,,,,
,19,,,,,,,,,,,
,57,,,,,,,,,,,
,67,,,,,,,,,,,
,3,,,,,,,,,,,
,60,,,,,,,,,,,
,46,,,,,,,,,,,
,31,,,,,,,,,,,
,71,,,,,,,,,,,
,79,,,,,,,,,,,
,1,,,,,,,,,,,
,60,,,,,,,,,,,
,4,,,,,,,,,,,
,35,,,,,,,,,,,
,41,,,,,,,,,,,
,44,,,,,,,,,,,
,31,,,,,,,,,,,
,77,,,,,,,,,,,
,58,,,,,,,,,,,
,58,,,,,,,,,,,
,1,,,,,,,,,,,
,23,,,,,,,,,,,
,72,,,,,,,,,,,
,37,,,,,,,,,,,
,50,,,,,,,,,,,
,78,,,,,,,,,,,
,25,,,,,,,,,,,
,24,,,,,,,,,,,
,35,,,,,,,,,,,
,48,,,,,,,,,,,
,28,,,,,,,,,,,
,53,,,,,,,,,,,
,71,,,,,,,,,,,
,42,,,,,,,,,,,
,72,,,,,,,,,,,
,39,,,,,,,,,,,
,11,,,,,,,,,,,
,7,,,,,,,,,,,
,47,,,,,,,,,,,
,47,,,,,,,,,,,
,43,,,,,,,,,,,
,79,,,,,,,,,,,
,44,,,,,,,,,,,
,31,,,,,,,,,,,
,60,,,,,,,,,,,
,67,,,,,,,,,,,
,49,,,,,,,,,,,
,71,,,,,,,,,,,
,36,,,,,,,,,,,
,52,,,,,,,,,,,
,59,,,,,,,,,,,
,64,,,,,,,,,,,
,25,,,,,,,,,,,
,30,,,,,,,,,,,
,76,,,,,,,,,,,
,20,,,,,,,,,,,
,42,,,,,,,,,,,
,47,,,,,,,,,,,
,10,,,,,,,,,,,
,31,,,,,,,,,,,
,68,,,,,,,,,,,
,35,,,,,,,,,,,
,25,,,,,,,,,,,
,43,,,,,,,,,,,
,71,,,,,,,,,,,
,69,,,,,,,,,,,
,69,,,,,,,,,,,
,71,,,,,,,,,,,
,74,,,,,,,,,,,
,23,,,,,,,,,,,
,46,,,,,,,,,,,
,55,,,,,,,,,,,
,40,,,,,,,,,,,
,2,,,,,,,,,,,
,28,,,,,,,,,,,
,60,,,,,,,,,,,
,35,,,,,,,,,,,
,26,,,,,,,,,,,
,68,,,,,,,,,,,
,23,,,,,,,,,,,
,41,,,,,,,,,,,
,60,,,,,,,,,,,
,7,,,,,,,,,,,
,10,,,,,,,,,,,
,68,,,,,,,,,,,
,21,,,,,,,,,,,
,50,,,,,,,,,,,
,24,,,,,,,,,,,
,61,,,,,,,,,,,
,51,,,,,,,,,,,
,65,,,,,,,,,,,
,9,,,,,,,,,,,
,8,,,,,,,,,,,
,57,,,,,,,,,,,
,62,,,,,,,,,,,
,23,,,,,,,,,,,
,10,,,,,,,,,,,
,6,,,,,,,,,,,
,68,,,,,,,,,,,
,52,,,,,,,,,,,
,5,,,,,,,,,,,
,66,,,,,,,,,,,
,52,,,,,,,,,,,
,2,,,,,,,,,,,
,32,,,,,,,,,,,
,75,,,,,,,,,,,
,20,,,,,,,,,,,
,35,,,,,,,,,,,
,22,,,,,,,,,,,
,61,,,,,,,,,,,
,3,,,,,,,,,,,
,9,,,,,,,,,,,
,56,,,,,,,,,,,
,69,,,,,,,,,,,
,39,,,,,,,,,,,
,21,,,,,,,,,,,
,57,,,,,,,,,,,
,59,,,,,,,,,,,
,78,,,,,,,,,,,
,33,,,,,,,,,,,
,22,,,,,,,,,,,
,49,,,,,,,,,,,
,23,,,,,,,,,,,
,21,,,,,,,,,,,
,17,,,,,,,,,,,
,29,,,,,,,,,,,
,49,,,,,,,,,,,
,36,,,,,,,,,,,
,29,,,,,,,,,,,
,23,,,,,,,,,,,
,9,,,,,,,,,,,
,50,,,,,,,,,,,
,8,,,,,,,,,,,
,72,,,,,,,,,,,
,49,,,,,,,,,,,
,69,,,,,,,,,,,
,56,,,,,,,,,,,
,61,,,,,,,,,,,
,67,,,,,,,,,,,
,33,,,,,,,,,,,
,34,,,,,,,,,,,
,51,,,,,,,,,,,
,9,,,,,,,,,,,
,25,,,,,,,,,,,
,17,,,,,,,,,,,
,38,,,,,,,,,,,
,78,,,,,,,,,,,
,67,,,,,,,,,,,
,63,,,,,,,,,,,
,6,,,,,,,,,,,
,60,,,,,,,,,,,
,6,,,,,,,,,,,
,66,,,,,,,,,,,
,78,,,,,,,,,,,
,55,,,,,,,,,,,
,72,,,,,,,,,,,
,55,,,,,,,,,,,
,19,,,,,,,,,,,
,31,,,,,,,,,,,
,30,,,,,,,,,,,
,63,,,,,,,,,,,
,18,,,,,,,,,,,
,64,,,,,,,,,,,
,63,,,,,,,,,,,
,23,,,,,,,,,,,
,79,,,,,,,,,,,
,28,,,,,,,,,,,
,55,,,,,,,,,,,
,63,,,,,,,,,,,
,44,,,,,,,,,,,
,15,,,,,,,,,,,
,60,,,,,,,,,,,
,67,,,,,,,,,,,
,11,,,,,,,,,,,
,21,,,,,,,,,,,
,58,,,,,,,,,,,
,44,,,,,,,,,,,
,59,,,,,,,,,,,
,17,,,,,,,,,,,
,69,,,,,,,,,,,
,73,,,,,,,,,,,
,45,,,,,,,,,,,
,52,,,,,,,,,,,
,68,,,,,,,,,,,
,57,,,,,,,,,,,
,30,,,,,,,,,,,
,64,,,,,,,,,,,
,42,,,,,,,,,,,
,58,,,,,,,,,,,
,69,,,,,,,,,,,
,78,,,,,,,,,,,
,28,,,,,,,,,,,
,47,,,,,,,,,,,
,16,,,,,,,,,,,
,49,,,,,,,,,,,
,56,,,,,,,,,,,
,41,,,,,,,,,,,
,44,,,,,,,,,,,
,77,,,,,,,,,,,
,58,,,,,,,,,,,
,59,,,,,,,,,,,
,40,,,,,,,,,,,
,76,,,,,,,,,,,
,78,,,,,,,,,,,
,11,,,,,,,,,,,
,28,,,,,,,,,,,
,31,,,,,,,,,,,
,3,,,,,,,,,,,
,31,,,,,,,,,,,
,69,,,,,,,,,,,
,21,,,,,,,,,,,
,16,,,,,,,,,,,
,9,,,,,,,,,,,
,16,,,,,,,,,,,
,42,,,,,,,,,,,
,30,,,,,,,,,,,
,32,,,,,,,,,,,
,22,,,,,,,,,,,
,68,,,,,,,,,,,
,67,,,,,,,,,,,
,50,,,,,,,,,,,
,27,,,,,,,,,,,
,59,,,,,,,,,,,
,51,,,,,,,,,,,
,8,,,,,,,,,,,
,24,,,,,,,,,,,
,79,,,,,,,,,,,
,52,,,,,,,,,,,
,40,,,,,,,,,,,
,18,,,,,,,,,,,
,74,,,,,,,,,,,
,44,,,,,,,,,,,
,60,,,,,,,,,,,
,10,,,,,,,,,,,
,48,,,,,,,,,,,
,0,,,,,,,,,,,
,78,,,,,,,,,,,
,29,,,,,,,,,,,
,76,,,,,,,,,,,
,24,,,,,,,,,,,
,74,,,,,,,,,,,
,43,,,,,,,,,,,
,75,,,,,,,,,,,
,15,,,,,,,,,,,
,18,,,,,,,,,,,
,2,,,,,,,,,,,
,5,,,,,,,,,,,
,58,,,,,,,,,,,
,71,,,,,,,,,,,
,76,,,,,,,,,,,
,56,,,,,,,,,,,
,68,,,,,,,,,,,
,36,,,,,,,,,,,
,79,,,,,,,,,,,
,19,,,,,,,,,,,
,45,,,,,,,,,,,
,34,,,,,,,,,,,
,4,,,,,,,,,,,
,50,,,,,,,,,,,
,62,,,,,,,,,,,
,71,,,,,,,,,,,
,75,,,,,,,,,,,
,71,,,,,,,,,,,
,57,,,,,,,,,,,
,7,,,,,,,,,,,
,36,,,,,,,,,,,
,18,,,,,,,,,,,
,26,,,,,,,,,,,
,58,,,,,,,,,,,
,13,,,,,,,,,,,
,15,,,,,,,,,,,
,38,,,,,,,,,,,
,13,,,,,,,,,,,
,5,,,,,,,,,,,
,35,,,,,,,,,,,
,39,,,,,,,,,,,
,0,,,,,,,,,,,
,61,,,,,,,,,,,
,55,,,,,,,,,,,
,56,,,,,,,,,,,
,48,,,,,,,,,,,
,21,,,,,,,,,,,
,17,,,,,,,,,,,
,78,,,,,,,,,,,
,59,,,,,,,,,,,
,45,,,,,,,,,,,
,73,,,,,,,,,,,
,69,,,,,,,,,,,
,8,,,,,,,,,,,
,23,,,,,,,,,,,